[{"title": "Frankenstein; Or, The Modern Prometheus", "copyright": false, "fileUrl": "books/84.epub.images.epub", "fileType": "epub", "coverImageUrl": "book-covers/84.epub.images.epub.png", "authors": {"connectOrCreate": [{"where": {"name": "Shelley, Mary Wollstonecraft"}, "create": {"name": "Shelley, Mary Wollstonecraft", "birthYear": 1797, "deathYear": 1851}}]}, "genres": {"connectOrCreate": [{"where": {"name": "Gothic Fiction"}, "create": {"name": "Gothic Fiction"}}, {"where": {"name": "Movie Books"}, "create": {"name": "Movie Books"}}, {"where": {"name": "Precursors of Science Fiction"}, "create": {"name": "Precursors of Science Fiction"}}, {"where": {"name": "Science Fiction by Women"}, "create": {"name": "Science Fiction by Women"}}]}}, {"title": "Pride and Prejudice", "copyright": false, "fileUrl": "books/1342.epub.images.epub", "fileType": "epub", "coverImageUrl": "book-covers/1342.epub.images.epub.jpeg", "authors": {"connectOrCreate": [{"where": {"name": "Austen, Jane"}, "create": {"name": "Austen, Jane", "birthYear": 1775, "deathYear": 1817}}]}, "genres": {"connectOrCreate": [{"where": {"name": "Best Books Ever Listings"}, "create": {"name": "Best Books Ever Listings"}}, {"where": {"name": "Harvard Classics"}, "create": {"name": "Harvard Classics"}}]}}, {"title": "The Great Gatsby", "copyright": false, "fileUrl": "books/64317.epub.images.epub", "fileType": "epub", "coverImageUrl": "book-covers/64317.epub.images.epub.jpeg", "authors": {"connectOrCreate": [{"where": {"name": "Fitzgerald, F. Scott (Francis Scott)"}, "create": {"name": "Fitzgerald, F. Scott (Francis Scott)", "birthYear": 1896, "deathYear": 1940}}]}, "genres": {"connectOrCreate": []}}, {"title": "Alice's Adventures in Wonderland", "copyright": false, "fileUrl": "books/11.epub.images.epub", "fileType": "epub", "coverImageUrl": "book-covers/11.epub.images.epub.jpeg", "authors": {"connectOrCreate": [{"where": {"name": "Carroll, Lewis"}, "create": {"name": "Carroll, Lewis", "birthYear": 1832, "deathYear": 1898}}]}, "genres": {"connectOrCreate": [{"where": {"name": "Children's Literature"}, "create": {"name": "Children's Literature"}}]}}, {"title": "A Tale of Two Cities", "copyright": false, "fileUrl": "books/98.epub.images.epub", "fileType": "epub", "coverImageUrl": "book-covers/98.epub.images.epub.png", "authors": {"connectOrCreate": [{"where": {"name": "Dickens, Charles"}, "create": {"name": "Dickens, Charles", "birthYear": 1812, "deathYear": 1870}}]}, "genres": {"connectOrCreate": [{"where": {"name": "Historical Fiction"}, "create": {"name": "Historical Fiction"}}]}}, {"title": "The Importance of Being Earnest: A Trivial Comedy for Serious People", "copyright": false, "fileUrl": "books/844.epub.images.epub", "fileType": "epub", "coverImageUrl": "book-covers/844.epub.images.epub.png", "authors": {"connectOrCreate": [{"where": {"name": "Wilde, Oscar"}, "create": {"name": "Wilde, Oscar", "birthYear": 1854, "deathYear": 1900}}]}, "genres": {"connectOrCreate": [{"where": {"name": "Plays"}, "create": {"name": "Plays"}}]}}, {"title": "The Adventures of Sherlock Holmes", "copyright": false, "fileUrl": "books/1661.epub.images.epub", "fileType": "epub", "coverImageUrl": "book-covers/1661.epub.images.epub.jpeg", "authors": {"connectOrCreate": [{"where": {"name": "Doyle, Arthur Conan"}, "create": {"name": "Doyle, Arthur Conan", "birthYear": 1859, "deathYear": 1930}}]}, "genres": {"connectOrCreate": [{"where": {"name": "Banned Books from Anne Haight's list"}, "create": {"name": "Banned Books from Anne Haight's list"}}, {"where": {"name": "Contemporary Reviews"}, "create": {"name": "Contemporary Reviews"}}, {"where": {"name": "Detective Fiction"}, "create": {"name": "Detective Fiction"}}]}}, {"title": "The Picture of Dorian Gray", "copyright": false, "fileUrl": "books/174.epub.images.epub", "fileType": "epub", "coverImageUrl": "book-covers/174.epub.images.epub.png", "authors": {"connectOrCreate": [{"where": {"name": "Wilde, Oscar"}, "create": {"name": "Wilde, Oscar", "birthYear": 1854, "deathYear": 1900}}]}, "genres": {"connectOrCreate": [{"where": {"name": "Gothic Fiction"}, "create": {"name": "Gothic Fiction"}}, {"where": {"name": "Movie Books"}, "create": {"name": "Movie Books"}}]}}, {"title": "Moby Dick; Or, The Whale", "copyright": false, "fileUrl": "books/2701.epub.images.epub", "fileType": "epub", "coverImageUrl": "book-covers/2701.epub.images.epub.png", "authors": {"connectOrCreate": [{"where": {"name": "Melville, Herman"}, "create": {"name": "Melville, Herman", "birthYear": 1819, "deathYear": 1891}}]}, "genres": {"connectOrCreate": [{"where": {"name": "Best Books Ever Listings"}, "create": {"name": "Best Books Ever Listings"}}]}}, {"title": "A Doll's House : a play", "copyright": false, "fileUrl": "books/2542.epub.images.epub", "fileType": "epub", "coverImageUrl": "book-covers/2542.epub.images.epub.png", "authors": {"connectOrCreate": [{"where": {"name": "Ibsen, Henrik"}, "create": {"name": "Ibsen, Henrik", "birthYear": 1828, "deathYear": 1906}}]}, "genres": {"connectOrCreate": [{"where": {"name": "Best Books Ever Listings"}, "create": {"name": "Best Books Ever Listings"}}]}}, {"title": "Metamorphosis", "copyright": true, "fileUrl": "books/5200.epub.images.epub", "fileType": "epub", "coverImageUrl": "book-covers/5200.epub.images.epub.png", "authors": {"connectOrCreate": [{"where": {"name": "Kafka, Franz"}, "create": {"name": "Kafka, Franz", "birthYear": 1883, "deathYear": 1924}}]}, "genres": {"connectOrCreate": [{"where": {"name": "Horror"}, "create": {"name": "Horror"}}]}}, {"title": "Jane Eyre: An Autobiography", "copyright": false, "fileUrl": "books/1260.epub.images.epub", "fileType": "epub", "coverImageUrl": "book-covers/1260.epub.images.epub.png", "authors": {"connectOrCreate": [{"where": {"name": "Bront\u00eb, Charlotte"}, "create": {"name": "Bront\u00eb, Charlotte", "birthYear": 1816, "deathYear": 1855}}]}, "genres": {"connectOrCreate": []}}, {"title": "The Strange Case of Dr. Jekyll and Mr. Hyde", "copyright": false, "fileUrl": "books/43.epub.images.epub", "fileType": "epub", "coverImageUrl": "book-covers/43.epub.images.epub.jpeg", "authors": {"connectOrCreate": [{"where": {"name": "Stevenson, Robert Louis"}, "create": {"name": "Stevenson, Robert Louis", "birthYear": 1850, "deathYear": 1894}}]}, "genres": {"connectOrCreate": [{"where": {"name": "Horror"}, "create": {"name": "Horror"}}, {"where": {"name": "Movie Books"}, "create": {"name": "Movie Books"}}, {"where": {"name": "Precursors of Science Fiction"}, "create": {"name": "Precursors of Science Fiction"}}]}}, {"title": "The Yellow Wallpaper", "copyright": false, "fileUrl": "books/1952.epub.images.epub", "fileType": "epub", "coverImageUrl": "book-covers/1952.epub.images.epub.jpeg", "authors": {"connectOrCreate": [{"where": {"name": "Gilman, Charlotte Perkins"}, "create": {"name": "Gilman, Charlotte Perkins", "birthYear": 1860, "deathYear": 1935}}]}, "genres": {"connectOrCreate": [{"where": {"name": "Gothic Fiction"}, "create": {"name": "Gothic Fiction"}}]}}, {"title": "A Christmas Carol in Prose; Being a Ghost Story of Christmas", "copyright": false, "fileUrl": "books/46.epub.images.epub", "fileType": "epub", "coverImageUrl": "book-covers/46.epub.images.epub.jpeg", "authors": {"connectOrCreate": [{"where": {"name": "Dickens, Charles"}, "create": {"name": "Dickens, Charles", "birthYear": 1812, "deathYear": 1870}}]}, "genres": {"connectOrCreate": [{"where": {"name": "Children's Literature"}, "create": {"name": "Children's Literature"}}, {"where": {"name": "Christmas"}, "create": {"name": "Christmas"}}]}}, {"title": "Dracula", "copyright": false, "fileUrl": "books/345.epub.images.epub", "fileType": "epub", "coverImageUrl": "book-covers/345.epub.images.epub.jpeg", "authors": {"connectOrCreate": [{"where": {"name": "Stoker, Bram"}, "create": {"name": "Stoker, Bram", "birthYear": 1847, "deathYear": 1912}}]}, "genres": {"connectOrCreate": [{"where": {"name": "Gothic Fiction"}, "create": {"name": "Gothic Fiction"}}, {"where": {"name": "Horror"}, "create": {"name": "Horror"}}, {"where": {"name": "Movie Books"}, "create": {"name": "Movie Books"}}, {"where": {"name": "Mystery Fiction"}, "create": {"name": "Mystery Fiction"}}]}}, {"title": "A Modest Proposal: For preventing the children of poor people in Ireland, from being a burden on their parents or country, and for making them beneficial to the publick", "copyright": false, "fileUrl": "books/1080.epub.images.epub", "fileType": "epub", "coverImageUrl": "book-covers/1080.epub.images.epub.png", "authors": {"connectOrCreate": [{"where": {"name": "Swift, Jonathan"}, "create": {"name": "Swift, Jonathan", "birthYear": 1667, "deathYear": 1745}}]}, "genres": {"connectOrCreate": []}}, {"title": "The Hound of the Baskervilles", "copyright": false, "fileUrl": "books/2852.epub.images.epub", "fileType": "epub", "coverImageUrl": "book-covers/2852.epub.images.epub.jpeg", "authors": {"connectOrCreate": [{"where": {"name": "Doyle, Arthur Conan"}, "create": {"name": "Doyle, Arthur Conan", "birthYear": 1859, "deathYear": 1930}}]}, "genres": {"connectOrCreate": [{"where": {"name": "Bestsellers, American, 1895-1923"}, "create": {"name": "Bestsellers, American, 1895-1923"}}, {"where": {"name": "Detective Fiction"}, "create": {"name": "Detective Fiction"}}]}}, {"title": "Anthem", "copyright": false, "fileUrl": "books/1250.epub.images.epub", "fileType": "epub", "coverImageUrl": "book-covers/1250.epub.images.epub.png", "authors": {"connectOrCreate": [{"where": {"name": "Rand, Ayn"}, "create": {"name": "Rand, Ayn", "birthYear": 1905, "deathYear": 1982}}]}, "genres": {"connectOrCreate": [{"where": {"name": "Science Fiction"}, "create": {"name": "Science Fiction"}}, {"where": {"name": "Science Fiction by Women"}, "create": {"name": "Science Fiction by Women"}}]}}, {"title": "The Adventures of Tom Sawyer, Complete", "copyright": false, "fileUrl": "books/74.epub.images.epub", "fileType": "epub", "coverImageUrl": "book-covers/74.epub.images.epub.jpeg", "authors": {"connectOrCreate": [{"where": {"name": "Twain, Mark"}, "create": {"name": "Twain, Mark", "birthYear": 1835, "deathYear": 1910}}]}, "genres": {"connectOrCreate": [{"where": {"name": "Banned Books List from the American Library Association"}, "create": {"name": "Banned Books List from the American Library Association"}}, {"where": {"name": "Banned Books from Anne Haight's list"}, "create": {"name": "Banned Books from Anne Haight's list"}}]}}, {"title": "Grimms' Fairy Tales", "copyright": false, "fileUrl": "books/2591.epub.images.epub", "fileType": "epub", "coverImageUrl": "book-covers/2591.epub.images.epub.png", "authors": {"connectOrCreate": [{"where": {"name": "Grimm, Wilhelm"}, "create": {"name": "Grimm, Wilhelm", "birthYear": 1786, "deathYear": 1859}}, {"where": {"name": "Grimm, Jacob"}, "create": {"name": "Grimm, Jacob", "birthYear": 1785, "deathYear": 1863}}]}, "genres": {"connectOrCreate": []}}, {"title": "Adventures of Huckleberry Finn", "copyright": false, "fileUrl": "books/76.epub.images.epub", "fileType": "epub", "coverImageUrl": "book-covers/76.epub.images.epub.jpeg", "authors": {"connectOrCreate": [{"where": {"name": "Twain, Mark"}, "create": {"name": "Twain, Mark", "birthYear": 1835, "deathYear": 1910}}]}, "genres": {"connectOrCreate": [{"where": {"name": "Banned Books List from the American Library Association"}, "create": {"name": "Banned Books List from the American Library Association"}}, {"where": {"name": "Banned Books from Anne Haight's list"}, "create": {"name": "Banned Books from Anne Haight's list"}}, {"where": {"name": "Best Books Ever Listings"}, "create": {"name": "Best Books Ever Listings"}}]}}, {"title": "Heart of Darkness", "copyright": false, "fileUrl": "books/219.epub.images.epub", "fileType": "epub", "coverImageUrl": "book-covers/219.epub.images.epub.png", "authors": {"connectOrCreate": [{"where": {"name": "Conrad, Joseph"}, "create": {"name": "Conrad, Joseph", "birthYear": 1857, "deathYear": 1924}}]}, "genres": {"connectOrCreate": [{"where": {"name": "Best Books Ever Listings"}, "create": {"name": "Best Books Ever Listings"}}, {"where": {"name": "Movie Books"}, "create": {"name": "Movie Books"}}]}}, {"title": "Great Expectations", "copyright": false, "fileUrl": "books/1400.epub.images.epub", "fileType": "epub", "coverImageUrl": "book-covers/1400.epub.images.epub.jpeg", "authors": {"connectOrCreate": [{"where": {"name": "Dickens, Charles"}, "create": {"name": "Dickens, Charles", "birthYear": 1812, "deathYear": 1870}}]}, "genres": {"connectOrCreate": [{"where": {"name": "Best Books Ever Listings"}, "create": {"name": "Best Books Ever Listings"}}]}}, {"title": "Walden, and On The Duty Of Civil Disobedience", "copyright": false, "fileUrl": "books/205.epub.images.epub", "fileType": "epub", "coverImageUrl": "book-covers/205.epub.images.epub.jpeg", "authors": {"connectOrCreate": [{"where": {"name": "Thoreau, Henry David"}, "create": {"name": "Thoreau, Henry David", "birthYear": 1817, "deathYear": 1862}}]}, "genres": {"connectOrCreate": []}}, {"title": "Peter Pan", "copyright": false, "fileUrl": "books/16.epub.images.epub", "fileType": "epub", "coverImageUrl": "book-covers/16.epub.images.epub.png", "authors": {"connectOrCreate": [{"where": {"name": "Barrie, J. M. (James Matthew)"}, "create": {"name": "Barrie, J. M. (James Matthew)", "birthYear": 1860, "deathYear": 1937}}]}, "genres": {"connectOrCreate": [{"where": {"name": "Children's Literature"}, "create": {"name": "Children's Literature"}}, {"where": {"name": "Movie Books"}, "create": {"name": "Movie Books"}}]}}, {"title": "The Wonderful Wizard of Oz", "copyright": false, "fileUrl": "books/55.epub.images.epub", "fileType": "epub", "coverImageUrl": "book-covers/55.epub.images.epub.jpeg", "authors": {"connectOrCreate": [{"where": {"name": "Baum, L. Frank (Lyman Frank)"}, "create": {"name": "Baum, L. Frank (Lyman Frank)", "birthYear": 1856, "deathYear": 1919}}]}, "genres": {"connectOrCreate": [{"where": {"name": "Children's Literature"}, "create": {"name": "Children's Literature"}}, {"where": {"name": "Fantasy"}, "create": {"name": "Fantasy"}}]}}, {"title": "Le jardin des supplices", "copyright": false, "fileUrl": "books/57775.epub.images.epub", "fileType": "epub", "coverImageUrl": "book-covers/57775.epub.images.epub.jpeg", "authors": {"connectOrCreate": [{"where": {"name": "Mirbeau, Octave"}, "create": {"name": "Mirbeau, Octave", "birthYear": 1848, "deathYear": 1917}}]}, "genres": {"connectOrCreate": [{"where": {"name": "FR Litt\u00e9rature"}, "create": {"name": "FR Litt\u00e9rature"}}]}}, {"title": "War and Peace", "copyright": false, "fileUrl": "books/2600.epub.images.epub", "fileType": "epub", "coverImageUrl": "book-covers/2600.epub.images.epub.jpeg", "authors": {"connectOrCreate": [{"where": {"name": "Tolstoy, Leo, graf"}, "create": {"name": "Tolstoy, Leo, graf", "birthYear": 1828, "deathYear": 1910}}]}, "genres": {"connectOrCreate": [{"where": {"name": "Best Books Ever Listings"}, "create": {"name": "Best Books Ever Listings"}}, {"where": {"name": "Historical Fiction"}, "create": {"name": "Historical Fiction"}}, {"where": {"name": "Movie Books"}, "create": {"name": "Movie Books"}}, {"where": {"name": "Napoleonic(Bookshelf)"}, "create": {"name": "Napoleonic(Bookshelf)"}}, {"where": {"name": "Opera"}, "create": {"name": "Opera"}}]}}, {"title": "The Scarlet Letter", "copyright": false, "fileUrl": "books/25344.epub.images.epub", "fileType": "epub", "coverImageUrl": "book-covers/25344.epub.images.epub.png", "authors": {"connectOrCreate": [{"where": {"name": "Hawthorne, Nathaniel"}, "create": {"name": "Hawthorne, Nathaniel", "birthYear": 1804, "deathYear": 1864}}]}, "genres": {"connectOrCreate": [{"where": {"name": "Banned Books from Anne Haight's list"}, "create": {"name": "Banned Books from Anne Haight's list"}}]}}, {"title": "The Prince", "copyright": false, "fileUrl": "books/1232.epub.images.epub", "fileType": "epub", "coverImageUrl": "book-covers/1232.epub.images.epub.png", "authors": {"connectOrCreate": [{"where": {"name": "Machiavelli, Niccol\u00f2"}, "create": {"name": "Machiavelli, Niccol\u00f2", "birthYear": 1469, "deathYear": 1527}}]}, "genres": {"connectOrCreate": [{"where": {"name": "Banned Books from Anne Haight's list"}, "create": {"name": "Banned Books from Anne Haight's list"}}, {"where": {"name": "Harvard Classics"}, "create": {"name": "Harvard Classics"}}, {"where": {"name": "Philosophy"}, "create": {"name": "Philosophy"}}, {"where": {"name": "Politics"}, "create": {"name": "Politics"}}]}}, {"title": "Emma", "copyright": false, "fileUrl": "books/158.epub.images.epub", "fileType": "epub", "coverImageUrl": "book-covers/158.epub.images.epub.png", "authors": {"connectOrCreate": [{"where": {"name": "Austen, Jane"}, "create": {"name": "Austen, Jane", "birthYear": 1775, "deathYear": 1817}}]}, "genres": {"connectOrCreate": []}}]