[{"title": "The Rubaiyat of Omar Khayyam", "copyright": false, "fileUrl": "books/246.epub.images.epub", "fileType": "epub", "coverImageUrl": "book-covers/246.epub.images.epub.png", "authors": {"connectOrCreate": [{"where": {"name": "Omar Khayyam"}, "create": {"name": "Omar Khayyam", "birthYear": 1048, "deathYear": 1122}}]}, "genres": {"connectOrCreate": []}}, {"title": "Autobiography of a Yogi", "copyright": false, "fileUrl": "books/7452.epub.images.epub", "fileType": "epub", "coverImageUrl": "book-covers/7452.epub.images.epub.png", "authors": {"connectOrCreate": [{"where": {"name": "Yogananda, Paramahansa"}, "create": {"name": "Yogananda, Paramahansa", "birthYear": 1893, "deathYear": 1952}}]}, "genres": {"connectOrCreate": [{"where": {"name": "Hinduism"}, "create": {"name": "Hinduism"}}]}}, {"title": "The Aeneid", "copyright": false, "fileUrl": "books/228.epub.images.epub", "fileType": "epub", "coverImageUrl": "book-covers/228.epub.images.epub.png", "authors": {"connectOrCreate": [{"where": {"name": "Virgil"}, "create": {"name": "Virgil", "birthYear": -70, "deathYear": -19}}]}, "genres": {"connectOrCreate": [{"where": {"name": "Best Books Ever Listings"}, "create": {"name": "Best Books Ever Listings"}}, {"where": {"name": "Classical Antiquity"}, "create": {"name": "Classical Antiquity"}}, {"where": {"name": "Harvard Classics"}, "create": {"name": "Harvard Classics"}}, {"where": {"name": "Poetry"}, "create": {"name": "Poetry"}}]}}, {"title": "Pride and Prejudice", "copyright": false, "fileUrl": "books/42671.epub.images.epub", "fileType": "epub", "coverImageUrl": "book-covers/42671.epub.images.epub.png", "authors": {"connectOrCreate": [{"where": {"name": "Austen, Jane"}, "create": {"name": "Austen, Jane", "birthYear": 1775, "deathYear": 1817}}]}, "genres": {"connectOrCreate": [{"where": {"name": "Best Books Ever Listings"}, "create": {"name": "Best Books Ever Listings"}}]}}, {"title": "A Midsummer Night's Dream", "copyright": false, "fileUrl": "books/1514.epub.images.epub", "fileType": "epub", "coverImageUrl": "book-covers/1514.epub.images.epub.jpeg", "authors": {"connectOrCreate": [{"where": {"name": "Shakespeare, William"}, "create": {"name": "Shakespeare, William", "birthYear": 1564, "deathYear": 1616}}]}, "genres": {"connectOrCreate": []}}, {"title": "The Possessed (The Devils)", "copyright": false, "fileUrl": "books/8117.epub.images.epub", "fileType": "epub", "coverImageUrl": "book-covers/8117.epub.images.epub.png", "authors": {"connectOrCreate": [{"where": {"name": "Dostoyevsky, Fyodor"}, "create": {"name": "Dostoyevsky, Fyodor", "birthYear": 1821, "deathYear": 1881}}]}, "genres": {"connectOrCreate": [{"where": {"name": "Best Books Ever Listings"}, "create": {"name": "Best Books Ever Listings"}}]}}, {"title": "The Railway Children", "copyright": false, "fileUrl": "books/1874.epub.images.epub", "fileType": "epub", "coverImageUrl": "book-covers/1874.epub.images.epub.png", "authors": {"connectOrCreate": [{"where": {"name": "Nesbit, E. (Edith)"}, "create": {"name": "Nesbit, E. (Edith)", "birthYear": 1858, "deathYear": 1924}}]}, "genres": {"connectOrCreate": [{"where": {"name": "Children's Fiction"}, "create": {"name": "Children's Fiction"}}, {"where": {"name": "Children's Literature"}, "create": {"name": "Children's Literature"}}]}}, {"title": "This Side of Paradise", "copyright": false, "fileUrl": "books/805.epub.images.epub", "fileType": "epub", "coverImageUrl": "book-covers/805.epub.images.epub.jpeg", "authors": {"connectOrCreate": [{"where": {"name": "Fitzgerald, F. Scott (Francis Scott)"}, "create": {"name": "Fitzgerald, F. Scott (Francis Scott)", "birthYear": 1896, "deathYear": 1940}}]}, "genres": {"connectOrCreate": []}}, {"title": "Japanese Girls and Women: Revised and Enlarged Edition", "copyright": false, "fileUrl": "books/32449.epub.images.epub", "fileType": "epub", "coverImageUrl": "book-covers/32449.epub.images.epub.jpeg", "authors": {"connectOrCreate": [{"where": {"name": "Bacon, Alice Mabel"}, "create": {"name": "Bacon, Alice Mabel", "birthYear": 1858, "deathYear": 1918}}]}, "genres": {"connectOrCreate": []}}, {"title": "The Old World and Its Ways: Describing a Tour Around the World and Journeys Through Europe", "copyright": false, "fileUrl": "books/45376.epub.images.epub", "fileType": "epub", "coverImageUrl": "book-covers/45376.epub.images.epub.png", "authors": {"connectOrCreate": [{"where": {"name": "Bryan, William Jennings"}, "create": {"name": "Bryan, William Jennings", "birthYear": 1860, "deathYear": 1925}}]}, "genres": {"connectOrCreate": []}}, {"title": "The First Book of Adam and Eve", "copyright": false, "fileUrl": "books/398.epub.images.epub", "fileType": "epub", "coverImageUrl": "book-covers/398.epub.images.epub.png", "authors": {"connectOrCreate": [{"where": {"name": "Platt, Rutherford Hayes"}, "create": {"name": "Platt, Rutherford Hayes", "birthYear": 1894, "deathYear": 1975}}]}, "genres": {"connectOrCreate": [{"where": {"name": "Christianity"}, "create": {"name": "Christianity"}}]}}, {"title": "The Marching Morons", "copyright": false, "fileUrl": "books/51233.epub.images.epub", "fileType": "epub", "coverImageUrl": "book-covers/51233.epub.images.epub.jpeg", "authors": {"connectOrCreate": [{"where": {"name": "Kornbluth, C. M. (Cyril M.)"}, "create": {"name": "Kornbluth, C. M. (Cyril M.)", "birthYear": 1923, "deathYear": 1958}}]}, "genres": {"connectOrCreate": [{"where": {"name": "Science Fiction"}, "create": {"name": "Science Fiction"}}]}}, {"title": "Poems by Emily Dickinson, Three Series, Complete", "copyright": false, "fileUrl": "books/12242.epub.images.epub", "fileType": "epub", "coverImageUrl": "book-covers/12242.epub.images.epub.png", "authors": {"connectOrCreate": [{"where": {"name": "Dickinson, Emily"}, "create": {"name": "Dickinson, Emily", "birthYear": 1830, "deathYear": 1886}}]}, "genres": {"connectOrCreate": [{"where": {"name": "Bibliomania"}, "create": {"name": "Bibliomania"}}]}}, {"title": "The Consolation of Philosophy", "copyright": false, "fileUrl": "books/14328.epub.images.epub", "fileType": "epub", "coverImageUrl": "book-covers/14328.epub.images.epub.png", "authors": {"connectOrCreate": [{"where": {"name": "Boethius"}, "create": {"name": "Boethius", "birthYear": 480, "deathYear": 524}}]}, "genres": {"connectOrCreate": [{"where": {"name": "Classical Antiquity"}, "create": {"name": "Classical Antiquity"}}]}}, {"title": "The Noble and Gentle Men of England: or, notes touching the arms and descents of the ancient knightly and gentle houses of England, arranged in their respective counties.", "copyright": false, "fileUrl": "books/58212.epub.images.epub", "fileType": "epub", "coverImageUrl": "book-covers/58212.epub.images.epub.jpeg", "authors": {"connectOrCreate": [{"where": {"name": "Shirley, Evelyn Philip"}, "create": {"name": "Shirley, Evelyn Philip", "birthYear": 1812, "deathYear": 1882}}]}, "genres": {"connectOrCreate": []}}, {"title": "Language of Flowers", "copyright": false, "fileUrl": "books/31591.epub.images.epub", "fileType": "epub", "coverImageUrl": "book-covers/31591.epub.images.epub.jpeg", "authors": {"connectOrCreate": [{"where": {"name": "Greenaway, Kate"}, "create": {"name": "Greenaway, Kate", "birthYear": 1846, "deathYear": 1901}}]}, "genres": {"connectOrCreate": []}}, {"title": "The Complete Herbal: To which is now added, upwards of one hundred additional herbs, with a display of their medicinal and occult qualities physically applied to the cure of all disorders incident to mankind: to which are now first annexed, the English physician enlarged, and key to Physic.", "copyright": false, "fileUrl": "books/49513.epub.images.epub", "fileType": "epub", "coverImageUrl": "book-covers/49513.epub.images.epub.jpeg", "authors": {"connectOrCreate": [{"where": {"name": "Culpeper, Nicholas"}, "create": {"name": "Culpeper, Nicholas", "birthYear": 1616, "deathYear": 1654}}]}, "genres": {"connectOrCreate": []}}, {"title": "The Varieties of Religious Experience: A Study in Human Nature", "copyright": false, "fileUrl": "books/621.epub.images.epub", "fileType": "epub", "coverImageUrl": "book-covers/621.epub.images.epub.jpeg", "authors": {"connectOrCreate": [{"where": {"name": "James, William"}, "create": {"name": "James, William", "birthYear": 1842, "deathYear": 1910}}]}, "genres": {"connectOrCreate": []}}, {"title": "The Wind in the Willows", "copyright": false, "fileUrl": "books/27805.epub.images.epub", "fileType": "epub", "coverImageUrl": "book-covers/27805.epub.images.epub.jpeg", "authors": {"connectOrCreate": [{"where": {"name": "Grahame, Kenneth"}, "create": {"name": "Grahame, Kenneth", "birthYear": 1859, "deathYear": 1932}}]}, "genres": {"connectOrCreate": []}}, {"title": "The Moonstone", "copyright": false, "fileUrl": "books/155.epub.images.epub", "fileType": "epub", "coverImageUrl": "book-covers/155.epub.images.epub.jpeg", "authors": {"connectOrCreate": [{"where": {"name": "Collins, Wilkie"}, "create": {"name": "Collins, Wilkie", "birthYear": 1824, "deathYear": 1889}}]}, "genres": {"connectOrCreate": [{"where": {"name": "Detective Fiction"}, "create": {"name": "Detective Fiction"}}, {"where": {"name": "Mystery Fiction"}, "create": {"name": "Mystery Fiction"}}]}}, {"title": "English Literature: Its History and Its Significance for the Life of the English-Speaking World", "copyright": false, "fileUrl": "books/10609.epub.images.epub", "fileType": "epub", "coverImageUrl": "book-covers/10609.epub.images.epub.png", "authors": {"connectOrCreate": [{"where": {"name": "Long, William J. (William Joseph)"}, "create": {"name": "Long, William J. (William Joseph)", "birthYear": 1867, "deathYear": 1952}}]}, "genres": {"connectOrCreate": []}}, {"title": "In our time", "copyright": false, "fileUrl": "books/61085.epub.images.epub", "fileType": "epub", "coverImageUrl": "book-covers/61085.epub.images.epub.jpeg", "authors": {"connectOrCreate": [{"where": {"name": "Hemingway, Ernest"}, "create": {"name": "Hemingway, Ernest", "birthYear": 1899, "deathYear": 1961}}]}, "genres": {"connectOrCreate": []}}, {"title": "Roughing It", "copyright": false, "fileUrl": "books/3177.epub.images.epub", "fileType": "epub", "coverImageUrl": "book-covers/3177.epub.images.epub.jpeg", "authors": {"connectOrCreate": [{"where": {"name": "Twain, Mark"}, "create": {"name": "Twain, Mark", "birthYear": 1835, "deathYear": 1910}}]}, "genres": {"connectOrCreate": [{"where": {"name": "Travel"}, "create": {"name": "Travel"}}]}}, {"title": "The Lost Giant, and Other American Indian Tales Retold", "copyright": false, "fileUrl": "books/65355.epub.images.epub", "fileType": "epub", "coverImageUrl": "book-covers/65355.epub.images.epub.jpeg", "authors": {"connectOrCreate": [{"where": {"name": "Higgins, Violet Moore"}, "create": {"name": "Higgins, Violet Moore", "birthYear": null, "deathYear": null}}]}, "genres": {"connectOrCreate": []}}, {"title": "Twelve Years a Slave: Narrative of Solomon Northup, a Citizen of New-York, Kidnapped in Washington City in 1841, and Rescued in 1853, from a Cotton Plantation near the Red River in Louisiana", "copyright": false, "fileUrl": "books/45631.epub.images.epub", "fileType": "epub", "coverImageUrl": "book-covers/45631.epub.images.epub.jpeg", "authors": {"connectOrCreate": [{"where": {"name": "Northup, Solomon"}, "create": {"name": "Northup, Solomon", "birthYear": 1808, "deathYear": null}}]}, "genres": {"connectOrCreate": []}}, {"title": "Andersen's Fairy Tales", "copyright": false, "fileUrl": "books/1597.epub.images.epub", "fileType": "epub", "coverImageUrl": "book-covers/1597.epub.images.epub.png", "authors": {"connectOrCreate": [{"where": {"name": "Andersen, H. C. (Hans Christian)"}, "create": {"name": "Andersen, H. C. (Hans Christian)", "birthYear": 1805, "deathYear": 1875}}]}, "genres": {"connectOrCreate": [{"where": {"name": "Best Books Ever Listings"}, "create": {"name": "Best Books Ever Listings"}}, {"where": {"name": "Children's Myths, Fairy Tales, etc."}, "create": {"name": "Children's Myths, Fairy Tales, etc."}}, {"where": {"name": "Harvard Classics"}, "create": {"name": "Harvard Classics"}}]}}, {"title": "Mosses from an Old Manse, and Other Stories", "copyright": false, "fileUrl": "books/512.epub.images.epub", "fileType": "epub", "coverImageUrl": "book-covers/512.epub.images.epub.png", "authors": {"connectOrCreate": [{"where": {"name": "Hawthorne, Nathaniel"}, "create": {"name": "Hawthorne, Nathaniel", "birthYear": 1804, "deathYear": 1864}}]}, "genres": {"connectOrCreate": [{"where": {"name": "Gothic Fiction"}, "create": {"name": "Gothic Fiction"}}]}}, {"title": "A Vindication of the Rights of Woman: With Strictures on Political and Moral Subjects", "copyright": false, "fileUrl": "books/3420.epub.images.epub", "fileType": "epub", "coverImageUrl": "book-covers/3420.epub.images.epub.png", "authors": {"connectOrCreate": [{"where": {"name": "Wollstonecraft, Mary"}, "create": {"name": "Wollstonecraft, Mary", "birthYear": 1759, "deathYear": 1797}}]}, "genres": {"connectOrCreate": [{"where": {"name": "Best Books Ever Listings"}, "create": {"name": "Best Books Ever Listings"}}]}}, {"title": "A Princess of Mars", "copyright": false, "fileUrl": "books/62.epub.images.epub", "fileType": "epub", "coverImageUrl": "book-covers/62.epub.images.epub.png", "authors": {"connectOrCreate": [{"where": {"name": "Burroughs, Edgar Rice"}, "create": {"name": "Burroughs, Edgar Rice", "birthYear": 1875, "deathYear": 1950}}]}, "genres": {"connectOrCreate": [{"where": {"name": "Best Books Ever Listings"}, "create": {"name": "Best Books Ever Listings"}}, {"where": {"name": "Science Fiction"}, "create": {"name": "Science Fiction"}}]}}, {"title": "Vanity Fair", "copyright": false, "fileUrl": "books/599.epub.images.epub", "fileType": "epub", "coverImageUrl": "book-covers/599.epub.images.epub.png", "authors": {"connectOrCreate": [{"where": {"name": "Thackeray, William Makepeace"}, "create": {"name": "Thackeray, William Makepeace", "birthYear": 1811, "deathYear": 1863}}]}, "genres": {"connectOrCreate": [{"where": {"name": "Harvard Classics"}, "create": {"name": "Harvard Classics"}}, {"where": {"name": "Historical Fiction"}, "create": {"name": "Historical Fiction"}}]}}, {"title": "What Men Live By, and Other Tales", "copyright": false, "fileUrl": "books/6157.epub.images.epub", "fileType": "epub", "coverImageUrl": "book-covers/6157.epub.images.epub.png", "authors": {"connectOrCreate": [{"where": {"name": "Tolstoy, Leo, graf"}, "create": {"name": "Tolstoy, Leo, graf", "birthYear": 1828, "deathYear": 1910}}]}, "genres": {"connectOrCreate": []}}, {"title": "Uncle Vanya: Scenes from Country Life in Four Acts", "copyright": false, "fileUrl": "books/1756.epub.images.epub", "fileType": "epub", "coverImageUrl": "book-covers/1756.epub.images.epub.png", "authors": {"connectOrCreate": [{"where": {"name": "Chekhov, Anton Pavlovich"}, "create": {"name": "Chekhov, Anton Pavlovich", "birthYear": 1860, "deathYear": 1904}}]}, "genres": {"connectOrCreate": []}}]