[{"title": "Treasure Island", "copyright": false, "fileUrl": "books/120.epub.images.epub", "fileType": "epub", "coverImageUrl": "book-covers/120.epub.images.epub.jpeg", "authors": {"connectOrCreate": [{"where": {"name": "Stevenson, Robert Louis"}, "create": {"name": "Stevenson, Robert Louis", "birthYear": 1850, "deathYear": 1894}}]}, "genres": {"connectOrCreate": [{"where": {"name": "Best Books Ever Listings"}, "create": {"name": "Best Books Ever Listings"}}, {"where": {"name": "Children's Literature"}, "create": {"name": "Children's Literature"}}, {"where": {"name": "Historical Fiction"}, "create": {"name": "Historical Fiction"}}, {"where": {"name": "Pirates, Buccaneers, Corsairs, etc."}, "create": {"name": "Pirates, Buccaneers, Corsairs, etc."}}]}}, {"title": "Ulysses", "copyright": false, "fileUrl": "books/4300.epub.images.epub", "fileType": "epub", "coverImageUrl": "book-covers/4300.epub.images.epub.jpeg", "authors": {"connectOrCreate": [{"where": {"name": "Joyce, James"}, "create": {"name": "Joyce, James", "birthYear": 1882, "deathYear": 1941}}]}, "genres": {"connectOrCreate": [{"where": {"name": "Banned Books List from the American Library Association"}, "create": {"name": "Banned Books List from the American Library Association"}}, {"where": {"name": "Banned Books from Anne Haight's list"}, "create": {"name": "Banned Books from Anne Haight's list"}}, {"where": {"name": "Best Books Ever Listings"}, "create": {"name": "Best Books Ever Listings"}}, {"where": {"name": "Erotic Fiction"}, "create": {"name": "Erotic Fiction"}}]}}, {"title": "The Philippines a Century Hence", "copyright": false, "fileUrl": "books/35899.epub.images.epub", "fileType": "epub", "coverImageUrl": "book-covers/35899.epub.images.epub.jpeg", "authors": {"connectOrCreate": [{"where": {"name": "Rizal, Jos\u00e9"}, "create": {"name": "Rizal, Jos\u00e9", "birthYear": 1861, "deathYear": 1896}}]}, "genres": {"connectOrCreate": []}}, {"title": "Wuthering Heights", "copyright": false, "fileUrl": "books/768.epub.images.epub", "fileType": "epub", "coverImageUrl": "book-covers/768.epub.images.epub.png", "authors": {"connectOrCreate": [{"where": {"name": "Bront\u00eb, Emily"}, "create": {"name": "Bront\u00eb, Emily", "birthYear": 1818, "deathYear": 1848}}]}, "genres": {"connectOrCreate": [{"where": {"name": "Best Books Ever Listings"}, "create": {"name": "Best Books Ever Listings"}}, {"where": {"name": "Gothic Fiction"}, "create": {"name": "Gothic Fiction"}}, {"where": {"name": "Movie Books"}, "create": {"name": "Movie Books"}}]}}, {"title": "The Iliad", "copyright": false, "fileUrl": "books/6130.epub.images.epub", "fileType": "epub", "coverImageUrl": "book-covers/6130.epub.images.epub.png", "authors": {"connectOrCreate": [{"where": {"name": "Homer"}, "create": {"name": "Homer", "birthYear": -750, "deathYear": -650}}]}, "genres": {"connectOrCreate": [{"where": {"name": "Classical Antiquity"}, "create": {"name": "Classical Antiquity"}}]}}, {"title": "Anne of Green Gables", "copyright": false, "fileUrl": "books/45.epub.images.epub", "fileType": "epub", "coverImageUrl": "book-covers/45.epub.images.epub.png", "authors": {"connectOrCreate": [{"where": {"name": "Montgomery, L. M. (Lucy Maud)"}, "create": {"name": "Montgomery, L. M. (Lucy Maud)", "birthYear": 1874, "deathYear": 1942}}]}, "genres": {"connectOrCreate": [{"where": {"name": "Canada"}, "create": {"name": "Canada"}}, {"where": {"name": "Children's Literature"}, "create": {"name": "Children's Literature"}}]}}, {"title": "The Odyssey: Rendered into English prose for the use of those who cannot read the original", "copyright": false, "fileUrl": "books/1727.epub.images.epub", "fileType": "epub", "coverImageUrl": "book-covers/1727.epub.images.epub.jpeg", "authors": {"connectOrCreate": [{"where": {"name": "Homer"}, "create": {"name": "Homer", "birthYear": -750, "deathYear": -650}}]}, "genres": {"connectOrCreate": [{"where": {"name": "Classical Antiquity"}, "create": {"name": "Classical Antiquity"}}, {"where": {"name": "Harvard Classics"}, "create": {"name": "Harvard Classics"}}]}}, {"title": "Little Women", "copyright": false, "fileUrl": "books/514.epub.images.epub", "fileType": "epub", "coverImageUrl": "book-covers/514.epub.images.epub.png", "authors": {"connectOrCreate": [{"where": {"name": "Alcott, Louisa May"}, "create": {"name": "Alcott, Louisa May", "birthYear": 1832, "deathYear": 1888}}]}, "genres": {"connectOrCreate": [{"where": {"name": "Children's Literature"}, "create": {"name": "Children's Literature"}}]}}, {"title": "Noli Me Tangere", "copyright": false, "fileUrl": "books/20228.epub.images.epub", "fileType": "epub", "coverImageUrl": "book-covers/20228.epub.images.epub.jpeg", "authors": {"connectOrCreate": [{"where": {"name": "Rizal, Jos\u00e9"}, "create": {"name": "Rizal, Jos\u00e9", "birthYear": 1861, "deathYear": 1896}}]}, "genres": {"connectOrCreate": []}}, {"title": "The Happy Prince, and Other Tales", "copyright": false, "fileUrl": "books/902.epub.images.epub", "fileType": "epub", "coverImageUrl": "book-covers/902.epub.images.epub.jpeg", "authors": {"connectOrCreate": [{"where": {"name": "Wilde, Oscar"}, "create": {"name": "Wilde, Oscar", "birthYear": 1854, "deathYear": 1900}}]}, "genres": {"connectOrCreate": [{"where": {"name": "Children's Literature"}, "create": {"name": "Children's Literature"}}]}}, {"title": "The Prophet", "copyright": false, "fileUrl": "books/58585.epub.images.epub", "fileType": "epub", "coverImageUrl": "book-covers/58585.epub.images.epub.jpeg", "authors": {"connectOrCreate": [{"where": {"name": "Gibran, Kahlil"}, "create": {"name": "Gibran, Kahlil", "birthYear": 1883, "deathYear": 1931}}]}, "genres": {"connectOrCreate": []}}, {"title": "The Call of the Wild", "copyright": false, "fileUrl": "books/215.epub.images.epub", "fileType": "epub", "coverImageUrl": "book-covers/215.epub.images.epub.jpeg", "authors": {"connectOrCreate": [{"where": {"name": "London, Jack"}, "create": {"name": "London, Jack", "birthYear": 1876, "deathYear": 1916}}]}, "genres": {"connectOrCreate": [{"where": {"name": "Adventure"}, "create": {"name": "Adventure"}}, {"where": {"name": "Animals-Domestic"}, "create": {"name": "Animals-Domestic"}}, {"where": {"name": "Banned Books List from the American Library Association"}, "create": {"name": "Banned Books List from the American Library Association"}}, {"where": {"name": "Banned Books from Anne Haight's list"}, "create": {"name": "Banned Books from Anne Haight's list"}}, {"where": {"name": "Best Books Ever Listings"}, "create": {"name": "Best Books Ever Listings"}}, {"where": {"name": "Movie Books"}, "create": {"name": "Movie Books"}}]}}, {"title": "Dubliners", "copyright": false, "fileUrl": "books/2814.epub.images.epub", "fileType": "epub", "coverImageUrl": "book-covers/2814.epub.images.epub.jpeg", "authors": {"connectOrCreate": [{"where": {"name": "Joyce, James"}, "create": {"name": "Joyce, James", "birthYear": 1882, "deathYear": 1941}}]}, "genres": {"connectOrCreate": [{"where": {"name": "Banned Books from Anne Haight's list"}, "create": {"name": "Banned Books from Anne Haight's list"}}]}}, {"title": "Crime and Punishment", "copyright": false, "fileUrl": "books/2554.epub.images.epub", "fileType": "epub", "coverImageUrl": "book-covers/2554.epub.images.epub.png", "authors": {"connectOrCreate": [{"where": {"name": "Dostoyevsky, Fyodor"}, "create": {"name": "Dostoyevsky, Fyodor", "birthYear": 1821, "deathYear": 1881}}]}, "genres": {"connectOrCreate": [{"where": {"name": "Best Books Ever Listings"}, "create": {"name": "Best Books Ever Listings"}}, {"where": {"name": "Crime Fiction"}, "create": {"name": "Crime Fiction"}}, {"where": {"name": "Harvard Classics"}, "create": {"name": "Harvard Classics"}}]}}, {"title": "Pygmalion", "copyright": false, "fileUrl": "books/3825.epub.images.epub", "fileType": "epub", "coverImageUrl": "book-covers/3825.epub.images.epub.jpeg", "authors": {"connectOrCreate": [{"where": {"name": "Shaw, Bernard"}, "create": {"name": "Shaw, Bernard", "birthYear": 1856, "deathYear": 1950}}]}, "genres": {"connectOrCreate": [{"where": {"name": "Plays"}, "create": {"name": "Plays"}}]}}, {"title": "Siddhartha", "copyright": false, "fileUrl": "books/2500.epub.images.epub", "fileType": "epub", "coverImageUrl": "book-covers/2500.epub.images.epub.jpeg", "authors": {"connectOrCreate": [{"where": {"name": "Hesse, Hermann"}, "create": {"name": "Hesse, Hermann", "birthYear": 1877, "deathYear": 1962}}]}, "genres": {"connectOrCreate": []}}, {"title": "Don Quixote", "copyright": false, "fileUrl": "books/996.epub.images.epub", "fileType": "epub", "coverImageUrl": "book-covers/996.epub.images.epub.jpeg", "authors": {"connectOrCreate": [{"where": {"name": "Cervantes Saavedra, Miguel de"}, "create": {"name": "Cervantes Saavedra, Miguel de", "birthYear": 1547, "deathYear": 1616}}]}, "genres": {"connectOrCreate": [{"where": {"name": "Best Books Ever Listings"}, "create": {"name": "Best Books Ever Listings"}}, {"where": {"name": "Harvard Classics"}, "create": {"name": "Harvard Classics"}}]}}, {"title": "The Republic", "copyright": false, "fileUrl": "books/1497.epub.images.epub", "fileType": "epub", "coverImageUrl": "book-covers/1497.epub.images.epub.png", "authors": {"connectOrCreate": [{"where": {"name": "Plato"}, "create": {"name": "Plato", "birthYear": -428, "deathYear": -348}}]}, "genres": {"connectOrCreate": [{"where": {"name": "Philosophy"}, "create": {"name": "Philosophy"}}]}}, {"title": "The Awakening, and Selected Short Stories", "copyright": false, "fileUrl": "books/160.epub.images.epub", "fileType": "epub", "coverImageUrl": "book-covers/160.epub.images.epub.png", "authors": {"connectOrCreate": [{"where": {"name": "Chopin, Kate"}, "create": {"name": "Chopin, Kate", "birthYear": 1850, "deathYear": 1904}}]}, "genres": {"connectOrCreate": [{"where": {"name": "Banned Books List from the American Library Association"}, "create": {"name": "Banned Books List from the American Library Association"}}, {"where": {"name": "Banned Books from Anne Haight's list"}, "create": {"name": "Banned Books from Anne Haight's list"}}]}}, {"title": "The Count of Monte Cristo, Illustrated", "copyright": false, "fileUrl": "books/1184.epub.images.epub", "fileType": "epub", "coverImageUrl": "book-covers/1184.epub.images.epub.jpeg", "authors": {"connectOrCreate": [{"where": {"name": "Dumas, Alexandre"}, "create": {"name": "Dumas, Alexandre", "birthYear": 1802, "deathYear": 1870}}]}, "genres": {"connectOrCreate": [{"where": {"name": "Adventure"}, "create": {"name": "Adventure"}}, {"where": {"name": "Movie Books"}, "create": {"name": "Movie Books"}}]}}, {"title": "A Study in Scarlet", "copyright": false, "fileUrl": "books/244.epub.images.epub", "fileType": "epub", "coverImageUrl": "book-covers/244.epub.images.epub.png", "authors": {"connectOrCreate": [{"where": {"name": "Doyle, Arthur Conan"}, "create": {"name": "Doyle, Arthur Conan", "birthYear": 1859, "deathYear": 1930}}]}, "genres": {"connectOrCreate": [{"where": {"name": "Detective Fiction"}, "create": {"name": "Detective Fiction"}}]}}, {"title": "Uncle Tom's Cabin", "copyright": false, "fileUrl": "books/203.epub.images.epub", "fileType": "epub", "coverImageUrl": "book-covers/203.epub.images.epub.jpeg", "authors": {"connectOrCreate": [{"where": {"name": "Stowe, Harriet Beecher"}, "create": {"name": "Stowe, Harriet Beecher", "birthYear": 1811, "deathYear": 1896}}]}, "genres": {"connectOrCreate": [{"where": {"name": "Banned Books from Anne Haight's list"}, "create": {"name": "Banned Books from Anne Haight's list"}}, {"where": {"name": "Slavery"}, "create": {"name": "Slavery"}}, {"where": {"name": "US Civil War"}, "create": {"name": "US Civil War"}}]}}, {"title": "The Jungle Book", "copyright": false, "fileUrl": "books/236.epub.images.epub", "fileType": "epub", "coverImageUrl": "book-covers/236.epub.images.epub.png", "authors": {"connectOrCreate": [{"where": {"name": "Kipling, Rudyard"}, "create": {"name": "Kipling, Rudyard", "birthYear": 1865, "deathYear": 1936}}]}, "genres": {"connectOrCreate": [{"where": {"name": "Children's Literature"}, "create": {"name": "Children's Literature"}}, {"where": {"name": "Contemporary Reviews"}, "create": {"name": "Contemporary Reviews"}}, {"where": {"name": "Movie Books"}, "create": {"name": "Movie Books"}}, {"where": {"name": "Scouts"}, "create": {"name": "Scouts"}}]}}, {"title": "The Souls of Black Folk", "copyright": false, "fileUrl": "books/408.epub.images.epub", "fileType": "epub", "coverImageUrl": "book-covers/408.epub.images.epub.png", "authors": {"connectOrCreate": [{"where": {"name": "Du Bois, W. E. B. (William Edward Burghardt)"}, "create": {"name": "Du Bois, W. E. B. (William Edward Burghardt)", "birthYear": 1868, "deathYear": 1963}}]}, "genres": {"connectOrCreate": [{"where": {"name": "African American Writers"}, "create": {"name": "African American Writers"}}]}}, {"title": "Gulliver's Travels into Several Remote Nations of the World", "copyright": false, "fileUrl": "books/829.epub.images.epub", "fileType": "epub", "coverImageUrl": "book-covers/829.epub.images.epub.jpeg", "authors": {"connectOrCreate": [{"where": {"name": "Swift, Jonathan"}, "create": {"name": "Swift, Jonathan", "birthYear": 1667, "deathYear": 1745}}]}, "genres": {"connectOrCreate": [{"where": {"name": "Banned Books from Anne Haight's list"}, "create": {"name": "Banned Books from Anne Haight's list"}}, {"where": {"name": "Best Books Ever Listings"}, "create": {"name": "Best Books Ever Listings"}}]}}, {"title": "The War of the Worlds", "copyright": false, "fileUrl": "books/36.epub.images.epub", "fileType": "epub", "coverImageUrl": "book-covers/36.epub.images.epub.jpeg", "authors": {"connectOrCreate": [{"where": {"name": "Wells, H. G. (Herbert George)"}, "create": {"name": "Wells, H. G. (Herbert George)", "birthYear": 1866, "deathYear": 1946}}]}, "genres": {"connectOrCreate": [{"where": {"name": "Movie Books"}, "create": {"name": "Movie Books"}}, {"where": {"name": "Science Fiction"}, "create": {"name": "Science Fiction"}}]}}, {"title": "Simple Sabotage Field Manual", "copyright": false, "fileUrl": "books/26184.epub.images.epub", "fileType": "epub", "coverImageUrl": "book-covers/26184.epub.images.epub.png", "authors": {"connectOrCreate": [{"where": {"name": "United States. Office of Strategic Services"}, "create": {"name": "United States. Office of Strategic Services", "birthYear": null, "deathYear": null}}]}, "genres": {"connectOrCreate": []}}, {"title": "The Kama Sutra of Vatsyayana: Translated From the Sanscrit in Seven Parts With Preface, Introduction and Concluding Remarks", "copyright": false, "fileUrl": "books/27827.epub.images.epub", "fileType": "epub", "coverImageUrl": "book-covers/27827.epub.images.epub.png", "authors": {"connectOrCreate": [{"where": {"name": "Vatsyayana"}, "create": {"name": "Vatsyayana", "birthYear": null, "deathYear": null}}]}, "genres": {"connectOrCreate": [{"where": {"name": "Banned Books from Anne Haight's list"}, "create": {"name": "Banned Books from Anne Haight's list"}}, {"where": {"name": "Erotic Fiction"}, "create": {"name": "Erotic Fiction"}}, {"where": {"name": "Sociology"}, "create": {"name": "Sociology"}}]}}, {"title": "Narrative of the Life of Frederick Douglass, an American Slave", "copyright": false, "fileUrl": "books/23.epub.images.epub", "fileType": "epub", "coverImageUrl": "book-covers/23.epub.images.epub.png", "authors": {"connectOrCreate": [{"where": {"name": "Douglass, Frederick"}, "create": {"name": "Douglass, Frederick", "birthYear": 1818, "deathYear": 1895}}]}, "genres": {"connectOrCreate": [{"where": {"name": "African American Writers"}, "create": {"name": "African American Writers"}}, {"where": {"name": "Slavery"}, "create": {"name": "Slavery"}}]}}, {"title": "Les Mis\u00e9rables", "copyright": false, "fileUrl": "books/135.epub.images.epub", "fileType": "epub", "coverImageUrl": "book-covers/135.epub.images.epub.jpeg", "authors": {"connectOrCreate": [{"where": {"name": "Hugo, Victor"}, "create": {"name": "Hugo, Victor", "birthYear": 1802, "deathYear": 1885}}]}, "genres": {"connectOrCreate": [{"where": {"name": "Banned Books from Anne Haight's list"}, "create": {"name": "Banned Books from Anne Haight's list"}}, {"where": {"name": "Historical Fiction"}, "create": {"name": "Historical Fiction"}}]}}, {"title": "Oliver Twist", "copyright": false, "fileUrl": "books/730.epub.images.epub", "fileType": "epub", "coverImageUrl": "book-covers/730.epub.images.epub.png", "authors": {"connectOrCreate": [{"where": {"name": "Dickens, Charles"}, "create": {"name": "Dickens, Charles", "birthYear": 1812, "deathYear": 1870}}]}, "genres": {"connectOrCreate": []}}, {"title": "A Pickle for the Knowing Ones", "copyright": false, "fileUrl": "books/43453.epub.images.epub", "fileType": "epub", "coverImageUrl": "book-covers/43453.epub.images.epub.jpeg", "authors": {"connectOrCreate": [{"where": {"name": "Dexter, Timothy"}, "create": {"name": "Dexter, Timothy", "birthYear": 1747, "deathYear": 1806}}]}, "genres": {"connectOrCreate": []}}]