[{"title": "Beowulf: An Anglo-Saxon Epic Poem", "copyright": false, "fileUrl": "books/16328.epub.images.epub", "fileType": "epub", "coverImageUrl": "book-covers/16328.epub.images.epub.png", "authors": {"connectOrCreate": []}, "genres": {"connectOrCreate": [{"where": {"name": "Poetry"}, "create": {"name": "Poetry"}}]}}, {"title": "David Copperfield", "copyright": false, "fileUrl": "books/766.epub.images.epub", "fileType": "epub", "coverImageUrl": "book-covers/766.epub.images.epub.png", "authors": {"connectOrCreate": [{"where": {"name": "Dickens, Charles"}, "create": {"name": "Dickens, Charles", "birthYear": 1812, "deathYear": 1870}}]}, "genres": {"connectOrCreate": [{"where": {"name": "Harvard Classics"}, "create": {"name": "Harvard Classics"}}]}}, {"title": "The Romance of Lust: A classic Victorian erotic novel", "copyright": false, "fileUrl": "books/30254.epub.images.epub", "fileType": "epub", "coverImageUrl": "book-covers/30254.epub.images.epub.png", "authors": {"connectOrCreate": [{"where": {"name": "Anonymous"}, "create": {"name": "Anonymous", "birthYear": null, "deathYear": null}}]}, "genres": {"connectOrCreate": []}}, {"title": "The Secret Garden", "copyright": false, "fileUrl": "books/113.epub.images.epub", "fileType": "epub", "coverImageUrl": "book-covers/113.epub.images.epub.png", "authors": {"connectOrCreate": [{"where": {"name": "Burnett, Frances Hodgson"}, "create": {"name": "Burnett, Frances Hodgson", "birthYear": 1849, "deathYear": 1924}}]}, "genres": {"connectOrCreate": [{"where": {"name": "Children's Literature"}, "create": {"name": "Children's Literature"}}]}}, {"title": "Essays of Michel de Montaigne \u2014 Complete", "copyright": false, "fileUrl": "books/3600.epub.images.epub", "fileType": "epub", "coverImageUrl": "book-covers/3600.epub.images.epub.jpeg", "authors": {"connectOrCreate": [{"where": {"name": "Montaigne, Michel de"}, "create": {"name": "Montaigne, Michel de", "birthYear": 1533, "deathYear": 1592}}]}, "genres": {"connectOrCreate": [{"where": {"name": "Banned Books from Anne Haight's list"}, "create": {"name": "Banned Books from Anne Haight's list"}}, {"where": {"name": "Best Books Ever Listings"}, "create": {"name": "Best Books Ever Listings"}}]}}, {"title": "Ang \"Filibusterismo\" (Karugt\u00f3ng ng Noli Me Tangere)", "copyright": false, "fileUrl": "books/47629.epub.images.epub", "fileType": "epub", "coverImageUrl": "book-covers/47629.epub.images.epub.jpeg", "authors": {"connectOrCreate": [{"where": {"name": "Rizal, Jos\u00e9"}, "create": {"name": "Rizal, Jos\u00e9", "birthYear": 1861, "deathYear": 1896}}]}, "genres": {"connectOrCreate": []}}, {"title": "Thus Spake Zarathustra: A Book for All and None", "copyright": false, "fileUrl": "books/1998.epub.images.epub", "fileType": "epub", "coverImageUrl": "book-covers/1998.epub.images.epub.png", "authors": {"connectOrCreate": [{"where": {"name": "Nietzsche, Friedrich Wilhelm"}, "create": {"name": "Nietzsche, Friedrich Wilhelm", "birthYear": 1844, "deathYear": 1900}}]}, "genres": {"connectOrCreate": [{"where": {"name": "Philosophy"}, "create": {"name": "Philosophy"}}]}}, {"title": "Tractatus Logico-Philosophicus", "copyright": false, "fileUrl": "books/5740-pdf.zip", "fileType": "pdf", "coverImageUrl": "book-covers/pg5740.cover.medium.jpg", "authors": {"connectOrCreate": [{"where": {"name": "Wittgenstein, Ludwig"}, "create": {"name": "Wittgenstein, Ludwig", "birthYear": 1889, "deathYear": 1951}}]}, "genres": {"connectOrCreate": [{"where": {"name": "DE Sachbuch"}, "create": {"name": "DE Sachbuch"}}, {"where": {"name": "Mathematics"}, "create": {"name": "Mathematics"}}, {"where": {"name": "Philosophy"}, "create": {"name": "Philosophy"}}]}}, {"title": "Anna Karenina", "copyright": false, "fileUrl": "books/1399.epub.images.epub", "fileType": "epub", "coverImageUrl": "book-covers/1399.epub.images.epub.jpeg", "authors": {"connectOrCreate": [{"where": {"name": "Tolstoy, Leo, graf"}, "create": {"name": "Tolstoy, Leo, graf", "birthYear": 1828, "deathYear": 1910}}]}, "genres": {"connectOrCreate": [{"where": {"name": "Best Books Ever Listings"}, "create": {"name": "Best Books Ever Listings"}}, {"where": {"name": "Harvard Classics"}, "create": {"name": "Harvard Classics"}}, {"where": {"name": "Movie Books"}, "create": {"name": "Movie Books"}}]}}, {"title": "The Complete Works of William Shakespeare", "copyright": false, "fileUrl": "books/100.epub.images.epub", "fileType": "epub", "coverImageUrl": "book-covers/100.epub.images.epub.jpeg", "authors": {"connectOrCreate": [{"where": {"name": "Shakespeare, William"}, "create": {"name": "Shakespeare, William", "birthYear": 1564, "deathYear": 1616}}]}, "genres": {"connectOrCreate": [{"where": {"name": "Plays"}, "create": {"name": "Plays"}}]}}, {"title": "The Mysterious Affair at Styles", "copyright": false, "fileUrl": "books/863.epub.images.epub", "fileType": "epub", "coverImageUrl": "book-covers/863.epub.images.epub.jpeg", "authors": {"connectOrCreate": [{"where": {"name": "Christie, Agatha"}, "create": {"name": "Christie, Agatha", "birthYear": 1890, "deathYear": 1976}}]}, "genres": {"connectOrCreate": [{"where": {"name": "Detective Fiction"}, "create": {"name": "Detective Fiction"}}]}}, {"title": "Leviathan", "copyright": false, "fileUrl": "books/3207.epub.images.epub", "fileType": "epub", "coverImageUrl": "book-covers/3207.epub.images.epub.png", "authors": {"connectOrCreate": [{"where": {"name": "Hobbes, Thomas"}, "create": {"name": "Hobbes, Thomas", "birthYear": 1588, "deathYear": 1679}}]}, "genres": {"connectOrCreate": [{"where": {"name": "Harvard Classics"}, "create": {"name": "Harvard Classics"}}, {"where": {"name": "Politics"}, "create": {"name": "Politics"}}]}}, {"title": "The Prince and the Pauper", "copyright": false, "fileUrl": "books/1837.epub.images.epub", "fileType": "epub", "coverImageUrl": "book-covers/1837.epub.images.epub.jpeg", "authors": {"connectOrCreate": [{"where": {"name": "Twain, Mark"}, "create": {"name": "Twain, Mark", "birthYear": 1835, "deathYear": 1910}}]}, "genres": {"connectOrCreate": [{"where": {"name": "Historical Fiction"}, "create": {"name": "Historical Fiction"}}]}}, {"title": "The Time Machine", "copyright": false, "fileUrl": "books/35.epub.images.epub", "fileType": "epub", "coverImageUrl": "book-covers/35.epub.images.epub.jpeg", "authors": {"connectOrCreate": [{"where": {"name": "Wells, H. G. (Herbert George)"}, "create": {"name": "Wells, H. G. (Herbert George)", "birthYear": 1866, "deathYear": 1946}}]}, "genres": {"connectOrCreate": [{"where": {"name": "Movie Books"}, "create": {"name": "Movie Books"}}, {"where": {"name": "Science Fiction"}, "create": {"name": "Science Fiction"}}]}}, {"title": "Beyond Good and Evil", "copyright": false, "fileUrl": "books/4363.epub.images.epub", "fileType": "epub", "coverImageUrl": "book-covers/4363.epub.images.epub.png", "authors": {"connectOrCreate": [{"where": {"name": "Nietzsche, Friedrich Wilhelm"}, "create": {"name": "Nietzsche, Friedrich Wilhelm", "birthYear": 1844, "deathYear": 1900}}]}, "genres": {"connectOrCreate": [{"where": {"name": "Atheism"}, "create": {"name": "Atheism"}}, {"where": {"name": "Philosophy"}, "create": {"name": "Philosophy"}}]}}, {"title": "The Devil's Dictionary", "copyright": false, "fileUrl": "books/972.epub.images.epub", "fileType": "epub", "coverImageUrl": "book-covers/972.epub.images.epub.png", "authors": {"connectOrCreate": [{"where": {"name": "Bierce, Ambrose"}, "create": {"name": "Bierce, Ambrose", "birthYear": 1842, "deathYear": 1913}}]}, "genres": {"connectOrCreate": [{"where": {"name": "Humor"}, "create": {"name": "Humor"}}, {"where": {"name": "Reference"}, "create": {"name": "Reference"}}]}}, {"title": "Persuasion", "copyright": false, "fileUrl": "books/105.epub.images.epub", "fileType": "epub", "coverImageUrl": "book-covers/105.epub.images.epub.png", "authors": {"connectOrCreate": [{"where": {"name": "Austen, Jane"}, "create": {"name": "Austen, Jane", "birthYear": 1775, "deathYear": 1817}}]}, "genres": {"connectOrCreate": []}}, {"title": "Calculus Made Easy: Being a very-simplest introduction to those beautiful methods which are generally called by the terrifying names of the Differential Calculus and the Integral Calculus", "copyright": false, "fileUrl": "books/33283-pdf.pdf", "fileType": "pdf", "coverImageUrl": "book-covers/pg33283.cover.medium.jpg", "authors": {"connectOrCreate": [{"where": {"name": "Thompson, Silvanus P. (Silvanus Phillips)"}, "create": {"name": "Thompson, Silvanus P. (Silvanus Phillips)", "birthYear": 1851, "deathYear": 1916}}]}, "genres": {"connectOrCreate": [{"where": {"name": "Mathematics"}, "create": {"name": "Mathematics"}}]}}, {"title": "Sense and Sensibility", "copyright": false, "fileUrl": "books/161.epub.images.epub", "fileType": "epub", "coverImageUrl": "book-covers/161.epub.images.epub.jpeg", "authors": {"connectOrCreate": [{"where": {"name": "Austen, Jane"}, "create": {"name": "Austen, Jane", "birthYear": 1775, "deathYear": 1817}}]}, "genres": {"connectOrCreate": []}}, {"title": "The Life and Adventures of Robinson Crusoe", "copyright": false, "fileUrl": "books/521.epub.images.epub", "fileType": "epub", "coverImageUrl": "book-covers/521.epub.images.epub.png", "authors": {"connectOrCreate": [{"where": {"name": "Defoe, Daniel"}, "create": {"name": "Defoe, Daniel", "birthYear": null, "deathYear": 1731}}]}, "genres": {"connectOrCreate": []}}, {"title": "The Extraordinary Adventures of Arsene Lupin, Gentleman-Burglar", "copyright": false, "fileUrl": "books/6133.epub.images.epub", "fileType": "epub", "coverImageUrl": "book-covers/6133.epub.images.epub.png", "authors": {"connectOrCreate": [{"where": {"name": "Leblanc, Maurice"}, "create": {"name": "Leblanc, Maurice", "birthYear": 1864, "deathYear": 1941}}]}, "genres": {"connectOrCreate": [{"where": {"name": "Crime Fiction"}, "create": {"name": "Crime Fiction"}}]}}, {"title": "Complete Original Short Stories of Guy De Maupassant", "copyright": false, "fileUrl": "books/3090.epub.images.epub", "fileType": "epub", "coverImageUrl": "book-covers/3090.epub.images.epub.jpeg", "authors": {"connectOrCreate": [{"where": {"name": "Maupassant, Guy de"}, "create": {"name": "Maupassant, Guy de", "birthYear": 1850, "deathYear": 1893}}]}, "genres": {"connectOrCreate": []}}, {"title": "The Legend of Sleepy Hollow", "copyright": false, "fileUrl": "books/41.epub.images.epub", "fileType": "epub", "coverImageUrl": "book-covers/41.epub.images.epub.png", "authors": {"connectOrCreate": [{"where": {"name": "Irving, Washington"}, "create": {"name": "Irving, Washington", "birthYear": 1783, "deathYear": 1859}}]}, "genres": {"connectOrCreate": [{"where": {"name": "Children's Literature"}, "create": {"name": "Children's Literature"}}, {"where": {"name": "Harvard Classics"}, "create": {"name": "Harvard Classics"}}]}}, {"title": "An Index of The Divine Comedy by Dante", "copyright": false, "fileUrl": "books/8800.epub.images.epub", "fileType": "epub", "coverImageUrl": "book-covers/8800.epub.images.epub.jpeg", "authors": {"connectOrCreate": [{"where": {"name": "Dante Alighieri"}, "create": {"name": "Dante Alighieri", "birthYear": 1265, "deathYear": 1321}}]}, "genres": {"connectOrCreate": [{"where": {"name": "Best Books Ever Listings"}, "create": {"name": "Best Books Ever Listings"}}, {"where": {"name": "Italy"}, "create": {"name": "Italy"}}]}}, {"title": "Songs of Innocence, and Songs of Experience", "copyright": false, "fileUrl": "books/1934.epub.images.epub", "fileType": "epub", "coverImageUrl": "book-covers/1934.epub.images.epub.png", "authors": {"connectOrCreate": [{"where": {"name": "Blake, William"}, "create": {"name": "Blake, William", "birthYear": 1757, "deathYear": 1827}}]}, "genres": {"connectOrCreate": []}}, {"title": "Carmilla", "copyright": false, "fileUrl": "books/10007.epub.images.epub", "fileType": "epub", "coverImageUrl": "book-covers/10007.epub.images.epub.png", "authors": {"connectOrCreate": [{"where": {"name": "Le Fanu, Joseph Sheridan"}, "create": {"name": "Le Fanu, Joseph Sheridan", "birthYear": 1814, "deathYear": 1873}}]}, "genres": {"connectOrCreate": [{"where": {"name": "Gothic Fiction"}, "create": {"name": "Gothic Fiction"}}, {"where": {"name": "Horror"}, "create": {"name": "Horror"}}]}}, {"title": "Candide", "copyright": false, "fileUrl": "books/19942.epub.images.epub", "fileType": "epub", "coverImageUrl": "book-covers/19942.epub.images.epub.png", "authors": {"connectOrCreate": [{"where": {"name": "Voltaire"}, "create": {"name": "Voltaire", "birthYear": 1694, "deathYear": 1778}}]}, "genres": {"connectOrCreate": [{"where": {"name": "Banned Books from Anne Haight's list"}, "create": {"name": "Banned Books from Anne Haight's list"}}, {"where": {"name": "Best Books Ever Listings"}, "create": {"name": "Best Books Ever Listings"}}]}}, {"title": "The Brothers Karamazov", "copyright": false, "fileUrl": "books/28054.epub.images.epub", "fileType": "epub", "coverImageUrl": "book-covers/28054.epub.images.epub.png", "authors": {"connectOrCreate": [{"where": {"name": "Dostoyevsky, Fyodor"}, "create": {"name": "Dostoyevsky, Fyodor", "birthYear": 1821, "deathYear": 1881}}]}, "genres": {"connectOrCreate": [{"where": {"name": "Best Books Ever Listings"}, "create": {"name": "Best Books Ever Listings"}}]}}, {"title": "Divine Comedy, Longfellow's Translation, Hell", "copyright": false, "fileUrl": "books/1001.epub.images.epub", "fileType": "epub", "coverImageUrl": "book-covers/1001.epub.images.epub.png", "authors": {"connectOrCreate": [{"where": {"name": "Dante Alighieri"}, "create": {"name": "Dante Alighieri", "birthYear": 1265, "deathYear": 1321}}]}, "genres": {"connectOrCreate": [{"where": {"name": "Italy"}, "create": {"name": "Italy"}}]}}, {"title": "Around the World in Eighty Days", "copyright": false, "fileUrl": "books/103.epub.images.epub", "fileType": "epub", "coverImageUrl": "book-covers/103.epub.images.epub.png", "authors": {"connectOrCreate": [{"where": {"name": "Verne, Jules"}, "create": {"name": "Verne, Jules", "birthYear": 1828, "deathYear": 1905}}]}, "genres": {"connectOrCreate": [{"where": {"name": "Adventure"}, "create": {"name": "Adventure"}}, {"where": {"name": "Best Books Ever Listings"}, "create": {"name": "Best Books Ever Listings"}}, {"where": {"name": "Movie Books"}, "create": {"name": "Movie Books"}}]}}, {"title": "The Turn of the Screw", "copyright": false, "fileUrl": "books/209.epub.images.epub", "fileType": "epub", "coverImageUrl": "book-covers/209.epub.images.epub.png", "authors": {"connectOrCreate": [{"where": {"name": "James, Henry"}, "create": {"name": "James, Henry", "birthYear": 1843, "deathYear": 1916}}]}, "genres": {"connectOrCreate": [{"where": {"name": "Best Books Ever Listings"}, "create": {"name": "Best Books Ever Listings"}}, {"where": {"name": "Gothic Fiction"}, "create": {"name": "Gothic Fiction"}}, {"where": {"name": "Horror"}, "create": {"name": "Horror"}}, {"where": {"name": "Opera"}, "create": {"name": "Opera"}}]}}, {"title": "Don Juan", "copyright": false, "fileUrl": "books/21700.epub.images.epub", "fileType": "epub", "coverImageUrl": "book-covers/21700.epub.images.epub.png", "authors": {"connectOrCreate": [{"where": {"name": "Byron, George Gordon Byron, Baron"}, "create": {"name": "Byron, George Gordon Byron, Baron", "birthYear": 1788, "deathYear": 1824}}]}, "genres": {"connectOrCreate": []}}]