[{"title": "Notes from the Underground", "copyright": false, "fileUrl": "books/600.epub.images.epub", "fileType": "epub", "coverImageUrl": "book-covers/600.epub.images.epub.png", "authors": {"connectOrCreate": [{"where": {"name": "Dostoyevsky, Fyodor"}, "create": {"name": "Dostoyevsky, Fyodor", "birthYear": 1821, "deathYear": 1881}}]}, "genres": {"connectOrCreate": []}}, {"title": "The Confessions of St. Augustine", "copyright": false, "fileUrl": "books/3296.epub.images.epub", "fileType": "epub", "coverImageUrl": "book-covers/3296.epub.images.epub.png", "authors": {"connectOrCreate": [{"where": {"name": "Augustine, Saint, Bishop of Hippo"}, "create": {"name": "Augustine, Saint, Bishop of Hippo", "birthYear": 354, "deathYear": 430}}]}, "genres": {"connectOrCreate": [{"where": {"name": "Christianity"}, "create": {"name": "Christianity"}}, {"where": {"name": "Classical Antiquity"}, "create": {"name": "Classical Antiquity"}}, {"where": {"name": "Harvard Classics"}, "create": {"name": "Harvard Classics"}}]}}, {"title": "The Communist Manifesto", "copyright": false, "fileUrl": "books/61.epub.images.epub", "fileType": "epub", "coverImageUrl": "book-covers/61.epub.images.epub.png", "authors": {"connectOrCreate": [{"where": {"name": "Engels, Friedrich"}, "create": {"name": "Engels, Friedrich", "birthYear": 1820, "deathYear": 1895}}, {"where": {"name": "Marx, Karl"}, "create": {"name": "Marx, Karl", "birthYear": 1818, "deathYear": 1883}}]}, "genres": {"connectOrCreate": [{"where": {"name": "Banned Books from Anne Haight's list"}, "create": {"name": "Banned Books from Anne Haight's list"}}, {"where": {"name": "Philosophy"}, "create": {"name": "Philosophy"}}, {"where": {"name": "Politics"}, "create": {"name": "Politics"}}]}}, {"title": "The Works of Edgar Allan Poe \u2014 Volume 2", "copyright": false, "fileUrl": "books/2148.epub.images.epub", "fileType": "epub", "coverImageUrl": "book-covers/2148.epub.images.epub.png", "authors": {"connectOrCreate": [{"where": {"name": "Poe, Edgar Allan"}, "create": {"name": "Poe, Edgar Allan", "birthYear": 1809, "deathYear": 1849}}]}, "genres": {"connectOrCreate": [{"where": {"name": "Detective Fiction"}, "create": {"name": "Detective Fiction"}}, {"where": {"name": "Gothic Fiction"}, "create": {"name": "Gothic Fiction"}}, {"where": {"name": "Horror"}, "create": {"name": "Horror"}}, {"where": {"name": "Mystery Fiction"}, "create": {"name": "Mystery Fiction"}}]}}, {"title": "The Slang Dictionary: Etymological, Historical and Andecdotal", "copyright": false, "fileUrl": "books/42108.epub.images.epub", "fileType": "epub", "coverImageUrl": "book-covers/42108.epub.images.epub.jpeg", "authors": {"connectOrCreate": [{"where": {"name": "Hotten, John Camden"}, "create": {"name": "Hotten, John Camden", "birthYear": 1832, "deathYear": 1873}}]}, "genres": {"connectOrCreate": []}}, {"title": "Autobiography of Benjamin Franklin", "copyright": false, "fileUrl": "books/20203.epub.images.epub", "fileType": "epub", "coverImageUrl": "book-covers/20203.epub.images.epub.jpeg", "authors": {"connectOrCreate": [{"where": {"name": "Franklin, Benjamin"}, "create": {"name": "Franklin, Benjamin", "birthYear": 1706, "deathYear": 1790}}]}, "genres": {"connectOrCreate": [{"where": {"name": "Harvard Classics"}, "create": {"name": "Harvard Classics"}}]}}, {"title": "Romeo and Juliet", "copyright": false, "fileUrl": "books/1513.epub.images.epub", "fileType": "epub", "coverImageUrl": "book-covers/1513.epub.images.epub.jpeg", "authors": {"connectOrCreate": [{"where": {"name": "Shakespeare, William"}, "create": {"name": "Shakespeare, William", "birthYear": 1564, "deathYear": 1616}}]}, "genres": {"connectOrCreate": []}}, {"title": "Meditations", "copyright": false, "fileUrl": "books/2680.epub.images.epub", "fileType": "epub", "coverImageUrl": "book-covers/2680.epub.images.epub.png", "authors": {"connectOrCreate": [{"where": {"name": "Marcus Aurelius, Emperor of Rome"}, "create": {"name": "Marcus Aurelius, Emperor of Rome", "birthYear": 121, "deathYear": 180}}]}, "genres": {"connectOrCreate": [{"where": {"name": "Harvard Classics"}, "create": {"name": "Harvard Classics"}}]}}, {"title": "The King James Version of the Bible", "copyright": false, "fileUrl": "books/10.epub.images.epub", "fileType": "epub", "coverImageUrl": "book-covers/10.epub.images.epub.jpeg", "authors": {"connectOrCreate": []}, "genres": {"connectOrCreate": [{"where": {"name": "Banned Books List from the American Library Association"}, "create": {"name": "Banned Books List from the American Library Association"}}]}}, {"title": "The Sign of the Four", "copyright": false, "fileUrl": "books/2097.epub.images.epub", "fileType": "epub", "coverImageUrl": "book-covers/2097.epub.images.epub.jpeg", "authors": {"connectOrCreate": [{"where": {"name": "Doyle, Arthur Conan"}, "create": {"name": "Doyle, Arthur Conan", "birthYear": 1859, "deathYear": 1930}}]}, "genres": {"connectOrCreate": [{"where": {"name": "Detective Fiction"}, "create": {"name": "Detective Fiction"}}]}}, {"title": "Tess of the d'Urbervilles: A Pure Woman", "copyright": false, "fileUrl": "books/110.epub.images.epub", "fileType": "epub", "coverImageUrl": "book-covers/110.epub.images.epub.png", "authors": {"connectOrCreate": [{"where": {"name": "Hardy, Thomas"}, "create": {"name": "Hardy, Thomas", "birthYear": 1840, "deathYear": 1928}}]}, "genres": {"connectOrCreate": [{"where": {"name": "Banned Books from Anne Haight's list"}, "create": {"name": "Banned Books from Anne Haight's list"}}]}}, {"title": "Through the Looking-Glass", "copyright": false, "fileUrl": "books/12.epub.images.epub", "fileType": "epub", "coverImageUrl": "book-covers/12.epub.images.epub.jpeg", "authors": {"connectOrCreate": [{"where": {"name": "Carroll, Lewis"}, "create": {"name": "Carroll, Lewis", "birthYear": 1832, "deathYear": 1898}}]}, "genres": {"connectOrCreate": [{"where": {"name": "Best Books Ever Listings"}, "create": {"name": "Best Books Ever Listings"}}, {"where": {"name": "Children's Literature"}, "create": {"name": "Children's Literature"}}]}}, {"title": "Second Treatise of Government", "copyright": false, "fileUrl": "books/7370.epub.images.epub", "fileType": "epub", "coverImageUrl": "book-covers/7370.epub.images.epub.png", "authors": {"connectOrCreate": [{"where": {"name": "Locke, John"}, "create": {"name": "Locke, John", "birthYear": 1632, "deathYear": 1704}}]}, "genres": {"connectOrCreate": [{"where": {"name": "Philosophy"}, "create": {"name": "Philosophy"}}, {"where": {"name": "Politics"}, "create": {"name": "Politics"}}]}}, {"title": "Hard Times", "copyright": false, "fileUrl": "books/786.epub.images.epub", "fileType": "epub", "coverImageUrl": "book-covers/786.epub.images.epub.png", "authors": {"connectOrCreate": [{"where": {"name": "Dickens, Charles"}, "create": {"name": "Dickens, Charles", "birthYear": 1812, "deathYear": 1870}}]}, "genres": {"connectOrCreate": []}}, {"title": "The Tragical History of Doctor Faustus: From the Quarto of 1604", "copyright": false, "fileUrl": "books/779.epub.images.epub", "fileType": "epub", "coverImageUrl": "book-covers/779.epub.images.epub.png", "authors": {"connectOrCreate": [{"where": {"name": "Marlowe, Christopher"}, "create": {"name": "Marlowe, Christopher", "birthYear": 1564, "deathYear": 1593}}]}, "genres": {"connectOrCreate": [{"where": {"name": "Harvard Classics"}, "create": {"name": "Harvard Classics"}}]}}, {"title": "Three Men in a Boat (To Say Nothing of the Dog)", "copyright": false, "fileUrl": "books/308.epub.images.epub", "fileType": "epub", "coverImageUrl": "book-covers/308.epub.images.epub.png", "authors": {"connectOrCreate": [{"where": {"name": "Jerome, Jerome K. (Jerome Klapka)"}, "create": {"name": "Jerome, Jerome K. (Jerome Klapka)", "birthYear": 1859, "deathYear": 1927}}]}, "genres": {"connectOrCreate": [{"where": {"name": "Best Books Ever Listings"}, "create": {"name": "Best Books Ever Listings"}}, {"where": {"name": "Humor"}, "create": {"name": "Humor"}}]}}, {"title": "2 B R 0 2 B", "copyright": false, "fileUrl": "books/21279.epub.images.epub", "fileType": "epub", "coverImageUrl": "book-covers/21279.epub.images.epub.png", "authors": {"connectOrCreate": [{"where": {"name": "Vonnegut, Kurt"}, "create": {"name": "Vonnegut, Kurt", "birthYear": 1922, "deathYear": 2007}}]}, "genres": {"connectOrCreate": [{"where": {"name": "Science Fiction"}, "create": {"name": "Science Fiction"}}]}}, {"title": "Northanger Abbey", "copyright": false, "fileUrl": "books/121.epub.images.epub", "fileType": "epub", "coverImageUrl": "book-covers/121.epub.images.epub.png", "authors": {"connectOrCreate": [{"where": {"name": "Austen, Jane"}, "create": {"name": "Austen, Jane", "birthYear": 1775, "deathYear": 1817}}]}, "genres": {"connectOrCreate": [{"where": {"name": "Gothic Fiction"}, "create": {"name": "Gothic Fiction"}}]}}, {"title": "A Journal of the Plague Year: Being Observations or Memorials of the Most Remarkable Occurrences, as Well Public as Private, Which Happened in London During the Last Great Visitation in 1665. Written by a Citizen Who Continued All the While in London", "copyright": false, "fileUrl": "books/376.epub.images.epub", "fileType": "epub", "coverImageUrl": "book-covers/376.epub.images.epub.jpeg", "authors": {"connectOrCreate": [{"where": {"name": "Defoe, Daniel"}, "create": {"name": "Defoe, Daniel", "birthYear": null, "deathYear": 1731}}]}, "genres": {"connectOrCreate": []}}, {"title": "The Tale of Peter Rabbit", "copyright": false, "fileUrl": "books/14838.epub.images.epub", "fileType": "epub", "coverImageUrl": "book-covers/14838.epub.images.epub.png", "authors": {"connectOrCreate": [{"where": {"name": "Potter, Beatrix"}, "create": {"name": "Potter, Beatrix", "birthYear": 1866, "deathYear": 1943}}]}, "genres": {"connectOrCreate": [{"where": {"name": "Children's Picture Books"}, "create": {"name": "Children's Picture Books"}}]}}, {"title": "The Interesting Narrative of the Life of Olaudah Equiano, Or Gustavus Vassa, The African: Written By Himself", "copyright": false, "fileUrl": "books/15399.epub.images.epub", "fileType": "epub", "coverImageUrl": "book-covers/15399.epub.images.epub.png", "authors": {"connectOrCreate": [{"where": {"name": "Equiano, Olaudah"}, "create": {"name": "Equiano, Olaudah", "birthYear": 1745, "deathYear": 1797}}]}, "genres": {"connectOrCreate": [{"where": {"name": "Africa"}, "create": {"name": "Africa"}}]}}, {"title": "A Portrait of the Artist as a Young Man", "copyright": false, "fileUrl": "books/4217.epub.images.epub", "fileType": "epub", "coverImageUrl": "book-covers/4217.epub.images.epub.png", "authors": {"connectOrCreate": [{"where": {"name": "Joyce, James"}, "create": {"name": "Joyce, James", "birthYear": 1882, "deathYear": 1941}}]}, "genres": {"connectOrCreate": []}}, {"title": "The Red Badge of Courage: An Episode of the American Civil War", "copyright": false, "fileUrl": "books/73.epub.images.epub", "fileType": "epub", "coverImageUrl": "book-covers/73.epub.images.epub.png", "authors": {"connectOrCreate": [{"where": {"name": "Crane, Stephen"}, "create": {"name": "Crane, Stephen", "birthYear": 1871, "deathYear": 1900}}]}, "genres": {"connectOrCreate": [{"where": {"name": "Best Books Ever Listings"}, "create": {"name": "Best Books Ever Listings"}}, {"where": {"name": "Bestsellers, American, 1895-1923"}, "create": {"name": "Bestsellers, American, 1895-1923"}}, {"where": {"name": "Historical Fiction"}, "create": {"name": "Historical Fiction"}}, {"where": {"name": "US Civil War"}, "create": {"name": "US Civil War"}}]}}, {"title": "The Reign of Greed", "copyright": false, "fileUrl": "books/10676.epub.images.epub", "fileType": "epub", "coverImageUrl": "book-covers/10676.epub.images.epub.png", "authors": {"connectOrCreate": [{"where": {"name": "Rizal, Jos\u00e9"}, "create": {"name": "Rizal, Jos\u00e9", "birthYear": 1861, "deathYear": 1896}}]}, "genres": {"connectOrCreate": []}}, {"title": "Antiquities of the Jews", "copyright": false, "fileUrl": "books/2848.epub.images.epub", "fileType": "epub", "coverImageUrl": "book-covers/2848.epub.images.epub.png", "authors": {"connectOrCreate": [{"where": {"name": "Josephus, Flavius"}, "create": {"name": "Josephus, Flavius", "birthYear": 37, "deathYear": null}}]}, "genres": {"connectOrCreate": [{"where": {"name": "Judaism"}, "create": {"name": "Judaism"}}]}}, {"title": "The Problems of Philosophy", "copyright": false, "fileUrl": "books/5827.epub.images.epub", "fileType": "epub", "coverImageUrl": "book-covers/5827.epub.images.epub.png", "authors": {"connectOrCreate": [{"where": {"name": "Russell, Bertrand"}, "create": {"name": "Russell, Bertrand", "birthYear": 1872, "deathYear": 1970}}]}, "genres": {"connectOrCreate": [{"where": {"name": "Philosophy"}, "create": {"name": "Philosophy"}}]}}, {"title": "The Woman in White", "copyright": false, "fileUrl": "books/583.epub.images.epub", "fileType": "epub", "coverImageUrl": "book-covers/583.epub.images.epub.png", "authors": {"connectOrCreate": [{"where": {"name": "Collins, Wilkie"}, "create": {"name": "Collins, Wilkie", "birthYear": 1824, "deathYear": 1889}}]}, "genres": {"connectOrCreate": [{"where": {"name": "Mystery Fiction"}, "create": {"name": "Mystery Fiction"}}]}}, {"title": "Korean\u2014English Dictionary", "copyright": true, "fileUrl": "books/5739.epub.images.epub", "fileType": "epub", "coverImageUrl": "book-covers/5739.epub.images.epub.png", "authors": {"connectOrCreate": [{"where": {"name": "Kuperman, Leon"}, "create": {"name": "Kuperman, Leon", "birthYear": null, "deathYear": null}}]}, "genres": {"connectOrCreate": []}}, {"title": "The Jungle", "copyright": false, "fileUrl": "books/140.epub.images.epub", "fileType": "epub", "coverImageUrl": "book-covers/140.epub.images.epub.jpeg", "authors": {"connectOrCreate": [{"where": {"name": "Sinclair, Upton"}, "create": {"name": "Sinclair, Upton", "birthYear": 1878, "deathYear": 1968}}]}, "genres": {"connectOrCreate": [{"where": {"name": "Banned Books List from the American Library Association"}, "create": {"name": "Banned Books List from the American Library Association"}}, {"where": {"name": "Banned Books from Anne Haight's list"}, "create": {"name": "Banned Books from Anne Haight's list"}}, {"where": {"name": "Bestsellers, American, 1895-1923"}, "create": {"name": "Bestsellers, American, 1895-1923"}}, {"where": {"name": "Contemporary Reviews"}, "create": {"name": "Contemporary Reviews"}}]}}, {"title": "Middlemarch", "copyright": false, "fileUrl": "books/145.epub.images.epub", "fileType": "epub", "coverImageUrl": "book-covers/145.epub.images.epub.jpeg", "authors": {"connectOrCreate": [{"where": {"name": "Eliot, George"}, "create": {"name": "Eliot, George", "birthYear": 1819, "deathYear": 1880}}]}, "genres": {"connectOrCreate": [{"where": {"name": "Best Books Ever Listings"}, "create": {"name": "Best Books Ever Listings"}}, {"where": {"name": "Historical Fiction"}, "create": {"name": "Historical Fiction"}}]}}, {"title": "On the Origin of Species By Means of Natural Selection: Or, the Preservation of Favoured Races in the Struggle for Life", "copyright": false, "fileUrl": "books/1228.epub.images.epub", "fileType": "epub", "coverImageUrl": "book-covers/1228.epub.images.epub.png", "authors": {"connectOrCreate": [{"where": {"name": "Darwin, Charles"}, "create": {"name": "Darwin, Charles", "birthYear": 1809, "deathYear": 1882}}]}, "genres": {"connectOrCreate": [{"where": {"name": "Banned Books from Anne Haight's list"}, "create": {"name": "Banned Books from Anne Haight's list"}}, {"where": {"name": "Biology"}, "create": {"name": "Biology"}}, {"where": {"name": "Harvard Classics"}, "create": {"name": "Harvard Classics"}}]}}, {"title": "Democracy and Education: An Introduction to the Philosophy of Education", "copyright": false, "fileUrl": "books/852.epub.images.epub", "fileType": "epub", "coverImageUrl": "book-covers/852.epub.images.epub.png", "authors": {"connectOrCreate": [{"where": {"name": "Dewey, John"}, "create": {"name": "Dewey, John", "birthYear": 1859, "deathYear": 1952}}]}, "genres": {"connectOrCreate": [{"where": {"name": "Philosophy"}, "create": {"name": "Philosophy"}}]}}]