[{"title": "The Masque of the Red Death", "copyright": false, "fileUrl": "books/1064.epub.images.epub", "fileType": "epub", "coverImageUrl": "book-covers/1064.epub.images.epub.png", "authors": {"connectOrCreate": [{"where": {"name": "Poe, Edgar Allan"}, "create": {"name": "Poe, Edgar Allan", "birthYear": 1809, "deathYear": 1849}}]}, "genres": {"connectOrCreate": []}}, {"title": "Ethan Frome", "copyright": false, "fileUrl": "books/4517.epub.images.epub", "fileType": "epub", "coverImageUrl": "book-covers/4517.epub.images.epub.png", "authors": {"connectOrCreate": [{"where": {"name": "Wharton, Edith"}, "create": {"name": "Wharton, Edith", "birthYear": 1862, "deathYear": 1937}}]}, "genres": {"connectOrCreate": []}}, {"title": "Cyrano de Bergerac", "copyright": false, "fileUrl": "books/1254.epub.images.epub", "fileType": "epub", "coverImageUrl": "book-covers/1254.epub.images.epub.png", "authors": {"connectOrCreate": [{"where": {"name": "Rostand, Edmond"}, "create": {"name": "Rostand, Edmond", "birthYear": 1868, "deathYear": 1918}}]}, "genres": {"connectOrCreate": []}}, {"title": "Leaves of Grass", "copyright": false, "fileUrl": "books/1322.epub.images.epub", "fileType": "epub", "coverImageUrl": "book-covers/1322.epub.images.epub.jpeg", "authors": {"connectOrCreate": [{"where": {"name": "Whitman, Walt"}, "create": {"name": "Whitman, Walt", "birthYear": 1819, "deathYear": 1892}}]}, "genres": {"connectOrCreate": [{"where": {"name": "Banned Books from Anne Haight's list"}, "create": {"name": "Banned Books from Anne Haight's list"}}, {"where": {"name": "Best Books Ever Listings"}, "create": {"name": "Best Books Ever Listings"}}, {"where": {"name": "Poetry"}, "create": {"name": "Poetry"}}]}}, {"title": "Hans Andersen's Fairy Tales. Second Series", "copyright": false, "fileUrl": "books/32572.epub.images.epub", "fileType": "epub", "coverImageUrl": "book-covers/32572.epub.images.epub.jpeg", "authors": {"connectOrCreate": [{"where": {"name": "Andersen, H. C. (Hans Christian)"}, "create": {"name": "Andersen, H. C. (Hans Christian)", "birthYear": 1805, "deathYear": 1875}}]}, "genres": {"connectOrCreate": []}}, {"title": "Lombard Street: A Description of the Money Market", "copyright": false, "fileUrl": "books/4359.epub.images.epub", "fileType": "epub", "coverImageUrl": "book-covers/4359.epub.images.epub.png", "authors": {"connectOrCreate": [{"where": {"name": "Bagehot, Walter"}, "create": {"name": "Bagehot, Walter", "birthYear": 1826, "deathYear": 1877}}]}, "genres": {"connectOrCreate": []}}, {"title": "Le Morte d'Arthur: Volume 1", "copyright": false, "fileUrl": "books/1251.epub.images.epub", "fileType": "epub", "coverImageUrl": "book-covers/1251.epub.images.epub.png", "authors": {"connectOrCreate": [{"where": {"name": "Malory, Thomas, Sir"}, "create": {"name": "Malory, Thomas, Sir", "birthYear": null, "deathYear": 1471}}]}, "genres": {"connectOrCreate": [{"where": {"name": "Arthurian Legends"}, "create": {"name": "Arthurian Legends"}}, {"where": {"name": "Fantasy"}, "create": {"name": "Fantasy"}}]}}, {"title": "The Elements of Style", "copyright": false, "fileUrl": "books/37134.epub.images.epub", "fileType": "epub", "coverImageUrl": "book-covers/37134.epub.images.epub.jpeg", "authors": {"connectOrCreate": [{"where": {"name": "Strunk, William"}, "create": {"name": "Strunk, William", "birthYear": 1869, "deathYear": 1946}}]}, "genres": {"connectOrCreate": []}}, {"title": "Poirot Investigates", "copyright": false, "fileUrl": "books/61262.epub.images.epub", "fileType": "epub", "coverImageUrl": "book-covers/61262.epub.images.epub.jpeg", "authors": {"connectOrCreate": [{"where": {"name": "Christie, Agatha"}, "create": {"name": "Christie, Agatha", "birthYear": 1890, "deathYear": 1976}}]}, "genres": {"connectOrCreate": [{"where": {"name": "Detective Fiction"}, "create": {"name": "Detective Fiction"}}]}}, {"title": "Madame Bovary", "copyright": false, "fileUrl": "books/2413.epub.images.epub", "fileType": "epub", "coverImageUrl": "book-covers/2413.epub.images.epub.png", "authors": {"connectOrCreate": [{"where": {"name": "Flaubert, Gustave"}, "create": {"name": "Flaubert, Gustave", "birthYear": 1821, "deathYear": 1880}}]}, "genres": {"connectOrCreate": [{"where": {"name": "Banned Books from Anne Haight's list"}, "create": {"name": "Banned Books from Anne Haight's list"}}, {"where": {"name": "Best Books Ever Listings"}, "create": {"name": "Best Books Ever Listings"}}]}}, {"title": "The Secret of Chimneys", "copyright": false, "fileUrl": "books/65238.epub.images.epub", "fileType": "epub", "coverImageUrl": "book-covers/65238.epub.images.epub.jpeg", "authors": {"connectOrCreate": [{"where": {"name": "Christie, Agatha"}, "create": {"name": "Christie, Agatha", "birthYear": 1890, "deathYear": 1976}}]}, "genres": {"connectOrCreate": []}}, {"title": "The Social Cancer: A Complete English Version of Noli Me Tangere", "copyright": false, "fileUrl": "books/6737.epub.images.epub", "fileType": "epub", "coverImageUrl": "book-covers/6737.epub.images.epub.jpeg", "authors": {"connectOrCreate": [{"where": {"name": "Rizal, Jos\u00e9"}, "create": {"name": "Rizal, Jos\u00e9", "birthYear": 1861, "deathYear": 1896}}]}, "genres": {"connectOrCreate": []}}, {"title": "The Innocents Abroad", "copyright": false, "fileUrl": "books/3176.epub.images.epub", "fileType": "epub", "coverImageUrl": "book-covers/3176.epub.images.epub.jpeg", "authors": {"connectOrCreate": [{"where": {"name": "Twain, Mark"}, "create": {"name": "Twain, Mark", "birthYear": 1835, "deathYear": 1910}}]}, "genres": {"connectOrCreate": []}}, {"title": "The History of the Decline and Fall of the Roman Empire: Table of Contents with links in the HTML file to the two Project Gutenberg editions (12 volumes)", "copyright": false, "fileUrl": "books/25717.epub.images.epub", "fileType": "epub", "coverImageUrl": "book-covers/25717.epub.images.epub.jpeg", "authors": {"connectOrCreate": [{"where": {"name": "Gibbon, Edward"}, "create": {"name": "Gibbon, Edward", "birthYear": 1737, "deathYear": 1794}}]}, "genres": {"connectOrCreate": [{"where": {"name": "Banned Books from Anne Haight's list"}, "create": {"name": "Banned Books from Anne Haight's list"}}]}}, {"title": "Just So Stories", "copyright": false, "fileUrl": "books/2781.epub.images.epub", "fileType": "epub", "coverImageUrl": "book-covers/2781.epub.images.epub.png", "authors": {"connectOrCreate": [{"where": {"name": "Kipling, Rudyard"}, "create": {"name": "Kipling, Rudyard", "birthYear": 1865, "deathYear": 1936}}]}, "genres": {"connectOrCreate": [{"where": {"name": "Children's Literature"}, "create": {"name": "Children's Literature"}}, {"where": {"name": "Scouts"}, "create": {"name": "Scouts"}}]}}, {"title": "Demonology and Devil-lore", "copyright": false, "fileUrl": "books/40686.epub.images.epub", "fileType": "epub", "coverImageUrl": "book-covers/40686.epub.images.epub.jpeg", "authors": {"connectOrCreate": [{"where": {"name": "Conway, Moncure Daniel"}, "create": {"name": "Conway, Moncure Daniel", "birthYear": 1832, "deathYear": 1907}}]}, "genres": {"connectOrCreate": []}}, {"title": "The Art of War", "copyright": false, "fileUrl": "books/132.epub.images.epub", "fileType": "epub", "coverImageUrl": "book-covers/132.epub.images.epub.png", "authors": {"connectOrCreate": [{"where": {"name": "Sunzi, active 6th century B.C."}, "create": {"name": "Sunzi, active 6th century B.C.", "birthYear": null, "deathYear": null}}]}, "genres": {"connectOrCreate": []}}, {"title": "A Dictionary of Cebuano Visayan", "copyright": false, "fileUrl": "books/40074.epub.images.epub", "fileType": "epub", "coverImageUrl": "book-covers/40074.epub.images.epub.png", "authors": {"connectOrCreate": [{"where": {"name": "Wolff, John U."}, "create": {"name": "Wolff, John U.", "birthYear": null, "deathYear": null}}]}, "genres": {"connectOrCreate": []}}, {"title": "The Nursery Rhymes of England", "copyright": false, "fileUrl": "books/32415.epub.images.epub", "fileType": "epub", "coverImageUrl": "book-covers/32415.epub.images.epub.png", "authors": {"connectOrCreate": []}, "genres": {"connectOrCreate": []}}, {"title": "Hamlet, Prince of Denmark", "copyright": false, "fileUrl": "books/1524.epub.images.epub", "fileType": "epub", "coverImageUrl": "book-covers/1524.epub.images.epub.jpeg", "authors": {"connectOrCreate": [{"where": {"name": "Shakespeare, William"}, "create": {"name": "Shakespeare, William", "birthYear": 1564, "deathYear": 1616}}]}, "genres": {"connectOrCreate": [{"where": {"name": "Best Books Ever Listings"}, "create": {"name": "Best Books Ever Listings"}}, {"where": {"name": "Plays"}, "create": {"name": "Plays"}}]}}, {"title": "The Iliad", "copyright": false, "fileUrl": "books/2199.epub.images.epub", "fileType": "epub", "coverImageUrl": "book-covers/2199.epub.images.epub.png", "authors": {"connectOrCreate": [{"where": {"name": "Homer"}, "create": {"name": "Homer", "birthYear": -750, "deathYear": -650}}]}, "genres": {"connectOrCreate": [{"where": {"name": "Classical Antiquity"}, "create": {"name": "Classical Antiquity"}}]}}, {"title": "Mansfield Park", "copyright": false, "fileUrl": "books/141.epub.images.epub", "fileType": "epub", "coverImageUrl": "book-covers/141.epub.images.epub.png", "authors": {"connectOrCreate": [{"where": {"name": "Austen, Jane"}, "create": {"name": "Austen, Jane", "birthYear": 1775, "deathYear": 1817}}]}, "genres": {"connectOrCreate": []}}, {"title": "Bleak House", "copyright": false, "fileUrl": "books/1023.epub.images.epub", "fileType": "epub", "coverImageUrl": "book-covers/1023.epub.images.epub.png", "authors": {"connectOrCreate": [{"where": {"name": "Dickens, Charles"}, "create": {"name": "Dickens, Charles", "birthYear": 1812, "deathYear": 1870}}]}, "genres": {"connectOrCreate": []}}, {"title": "The Sea-Wolf", "copyright": false, "fileUrl": "books/1074.epub.images.epub", "fileType": "epub", "coverImageUrl": "book-covers/1074.epub.images.epub.png", "authors": {"connectOrCreate": [{"where": {"name": "London, Jack"}, "create": {"name": "London, Jack", "birthYear": 1876, "deathYear": 1916}}]}, "genres": {"connectOrCreate": []}}, {"title": "Childe Harold's Pilgrimage", "copyright": false, "fileUrl": "books/5131.epub.images.epub", "fileType": "epub", "coverImageUrl": "book-covers/5131.epub.images.epub.png", "authors": {"connectOrCreate": [{"where": {"name": "Byron, George Gordon Byron, Baron"}, "create": {"name": "Byron, George Gordon Byron, Baron", "birthYear": 1788, "deathYear": 1824}}]}, "genres": {"connectOrCreate": []}}, {"title": "The Three Musketeers", "copyright": false, "fileUrl": "books/1257.epub.images.epub", "fileType": "epub", "coverImageUrl": "book-covers/1257.epub.images.epub.png", "authors": {"connectOrCreate": [{"where": {"name": "Dumas, Alexandre"}, "create": {"name": "Dumas, Alexandre", "birthYear": 1802, "deathYear": 1870}}]}, "genres": {"connectOrCreate": [{"where": {"name": "Adventure"}, "create": {"name": "Adventure"}}, {"where": {"name": "Best Books Ever Listings"}, "create": {"name": "Best Books Ever Listings"}}, {"where": {"name": "Historical Fiction"}, "create": {"name": "Historical Fiction"}}, {"where": {"name": "Movie Books"}, "create": {"name": "Movie Books"}}]}}, {"title": "Chaucer's Works, Volume 4 \u2014 The Canterbury Tales", "copyright": false, "fileUrl": "books/22120.epub.images.epub", "fileType": "epub", "coverImageUrl": "book-covers/22120.epub.images.epub.jpeg", "authors": {"connectOrCreate": [{"where": {"name": "Chaucer, Geoffrey"}, "create": {"name": "Chaucer, Geoffrey", "birthYear": 1342, "deathYear": 1400}}]}, "genres": {"connectOrCreate": [{"where": {"name": "Best Books Ever Listings"}, "create": {"name": "Best Books Ever Listings"}}]}}, {"title": "The Decameron of Giovanni Boccaccio", "copyright": false, "fileUrl": "books/23700.epub.images.epub", "fileType": "epub", "coverImageUrl": "book-covers/23700.epub.images.epub.png", "authors": {"connectOrCreate": [{"where": {"name": "Boccaccio, Giovanni"}, "create": {"name": "Boccaccio, Giovanni", "birthYear": 1313, "deathYear": 1375}}]}, "genres": {"connectOrCreate": [{"where": {"name": "Best Books Ever Listings"}, "create": {"name": "Best Books Ever Listings"}}]}}, {"title": "Irish Fairy Tales", "copyright": false, "fileUrl": "books/2892.epub.images.epub", "fileType": "epub", "coverImageUrl": "book-covers/2892.epub.images.epub.jpeg", "authors": {"connectOrCreate": [{"where": {"name": "Stephens, James"}, "create": {"name": "Stephens, James", "birthYear": 1882, "deathYear": 1950}}]}, "genres": {"connectOrCreate": [{"where": {"name": "Children's Myths, Fairy Tales, etc."}, "create": {"name": "Children's Myths, Fairy Tales, etc."}}, {"where": {"name": "Fantasy"}, "create": {"name": "Fantasy"}}, {"where": {"name": "Folklore"}, "create": {"name": "Folklore"}}]}}, {"title": "Indian Fairy Tales", "copyright": false, "fileUrl": "books/7128.epub.images.epub", "fileType": "epub", "coverImageUrl": "book-covers/7128.epub.images.epub.png", "authors": {"connectOrCreate": []}, "genres": {"connectOrCreate": [{"where": {"name": "Children's Myths, Fairy Tales, etc."}, "create": {"name": "Children's Myths, Fairy Tales, etc."}}, {"where": {"name": "Folklore"}, "create": {"name": "Folklore"}}, {"where": {"name": "India"}, "create": {"name": "India"}}]}}, {"title": "Swann's Way", "copyright": false, "fileUrl": "books/7178.epub.images.epub", "fileType": "epub", "coverImageUrl": "book-covers/7178.epub.images.epub.png", "authors": {"connectOrCreate": [{"where": {"name": "Proust, Marcel"}, "create": {"name": "Proust, Marcel", "birthYear": 1871, "deathYear": 1922}}]}, "genres": {"connectOrCreate": []}}]