[{"title": "Don Quijote", "copyright": false, "fileUrl": "books/2000.epub.images.epub", "fileType": "epub", "coverImageUrl": "book-covers/2000.epub.images.epub.png", "authors": {"connectOrCreate": [{"where": {"name": "Cervantes Saavedra, Miguel de"}, "create": {"name": "Cervantes Saavedra, Miguel de", "birthYear": 1547, "deathYear": 1616}}]}, "genres": {"connectOrCreate": [{"where": {"name": "6 Best Loved Spanish Literary Classics"}, "create": {"name": "6 Best Loved Spanish Literary Classics"}}, {"where": {"name": "Best Books Ever Listings"}, "create": {"name": "Best Books Ever Listings"}}, {"where": {"name": "Harvard Classics"}, "create": {"name": "Harvard Classics"}}]}}, {"title": "The History of the Peloponnesian War", "copyright": false, "fileUrl": "books/7142.epub.images.epub", "fileType": "epub", "coverImageUrl": "book-covers/7142.epub.images.epub.png", "authors": {"connectOrCreate": [{"where": {"name": "Thucydides"}, "create": {"name": "Thucydides", "birthYear": -460, "deathYear": -395}}]}, "genres": {"connectOrCreate": []}}, {"title": "The King in Yellow", "copyright": false, "fileUrl": "books/8492.epub.images.epub", "fileType": "epub", "coverImageUrl": "book-covers/8492.epub.images.epub.png", "authors": {"connectOrCreate": [{"where": {"name": "Chambers, Robert W. (Robert William)"}, "create": {"name": "Chambers, Robert W. (Robert William)", "birthYear": 1865, "deathYear": 1933}}]}, "genres": {"connectOrCreate": [{"where": {"name": "Horror"}, "create": {"name": "Horror"}}]}}, {"title": "On Liberty", "copyright": false, "fileUrl": "books/34901.epub.images.epub", "fileType": "epub", "coverImageUrl": "book-covers/34901.epub.images.epub.png", "authors": {"connectOrCreate": [{"where": {"name": "Mill, John Stuart"}, "create": {"name": "Mill, John Stuart", "birthYear": 1806, "deathYear": 1873}}]}, "genres": {"connectOrCreate": [{"where": {"name": "Philosophy"}, "create": {"name": "Philosophy"}}]}}, {"title": "Democracy in America \u2014 Volume 1", "copyright": false, "fileUrl": "books/815.epub.images.epub", "fileType": "epub", "coverImageUrl": "book-covers/815.epub.images.epub.png", "authors": {"connectOrCreate": [{"where": {"name": "Tocqueville, Alexis de"}, "create": {"name": "Tocqueville, Alexis de", "birthYear": 1805, "deathYear": 1859}}]}, "genres": {"connectOrCreate": []}}, {"title": "The Divine Comedy by Dante, Illustrated, Paradise, Complete", "copyright": false, "fileUrl": "books/8799.epub.images.epub", "fileType": "epub", "coverImageUrl": "book-covers/8799.epub.images.epub.jpeg", "authors": {"connectOrCreate": [{"where": {"name": "Dante Alighieri"}, "create": {"name": "Dante Alighieri", "birthYear": 1265, "deathYear": 1321}}]}, "genres": {"connectOrCreate": [{"where": {"name": "Italy"}, "create": {"name": "Italy"}}]}}, {"title": "Ethics", "copyright": false, "fileUrl": "books/3800.epub.images.epub", "fileType": "epub", "coverImageUrl": "book-covers/3800.epub.images.epub.png", "authors": {"connectOrCreate": [{"where": {"name": "Spinoza, Benedictus de"}, "create": {"name": "Spinoza, Benedictus de", "birthYear": 1632, "deathYear": 1677}}]}, "genres": {"connectOrCreate": [{"where": {"name": "Philosophy"}, "create": {"name": "Philosophy"}}]}}, {"title": "Common Sense", "copyright": false, "fileUrl": "books/147.epub.images.epub", "fileType": "epub", "coverImageUrl": "book-covers/147.epub.images.epub.jpeg", "authors": {"connectOrCreate": [{"where": {"name": "Paine, Thomas"}, "create": {"name": "Paine, Thomas", "birthYear": 1737, "deathYear": 1809}}]}, "genres": {"connectOrCreate": []}}, {"title": "Memoirs of Extraordinary Popular Delusions and the Madness of Crowds", "copyright": false, "fileUrl": "books/24518.epub.images.epub", "fileType": "epub", "coverImageUrl": "book-covers/24518.epub.images.epub.png", "authors": {"connectOrCreate": [{"where": {"name": "Mackay, Charles"}, "create": {"name": "Mackay, Charles", "birthYear": 1814, "deathYear": 1889}}]}, "genres": {"connectOrCreate": [{"where": {"name": "Psychology"}, "create": {"name": "Psychology"}}, {"where": {"name": "Witchcraft"}, "create": {"name": "Witchcraft"}}]}}, {"title": "An Occurrence at Owl Creek Bridge", "copyright": false, "fileUrl": "books/375.epub.images.epub", "fileType": "epub", "coverImageUrl": "book-covers/375.epub.images.epub.png", "authors": {"connectOrCreate": [{"where": {"name": "Bierce, Ambrose"}, "create": {"name": "Bierce, Ambrose", "birthYear": 1842, "deathYear": 1913}}]}, "genres": {"connectOrCreate": [{"where": {"name": "Horror"}, "create": {"name": "Horror"}}, {"where": {"name": "US Civil War"}, "create": {"name": "US Civil War"}}]}}, {"title": "An Inquiry into the Nature and Causes of the Wealth of Nations", "copyright": false, "fileUrl": "books/3300.epub.images.epub", "fileType": "epub", "coverImageUrl": "book-covers/3300.epub.images.epub.png", "authors": {"connectOrCreate": [{"where": {"name": "Smith, Adam"}, "create": {"name": "Smith, Adam", "birthYear": 1723, "deathYear": 1790}}]}, "genres": {"connectOrCreate": [{"where": {"name": "Best Books Ever Listings"}, "create": {"name": "Best Books Ever Listings"}}, {"where": {"name": "Harvard Classics"}, "create": {"name": "Harvard Classics"}}]}}, {"title": "The Ladies' Book of Etiquette, and Manual of Politeness: A Complete Hand Book for the Use of the Lady in Polite Society", "copyright": false, "fileUrl": "books/35123.epub.images.epub", "fileType": "epub", "coverImageUrl": "book-covers/35123.epub.images.epub.png", "authors": {"connectOrCreate": [{"where": {"name": "Hartley, Florence"}, "create": {"name": "Hartley, Florence", "birthYear": null, "deathYear": null}}]}, "genres": {"connectOrCreate": []}}, {"title": "Myths and Legends of Ancient Greece and Rome", "copyright": false, "fileUrl": "books/22381.epub.images.epub", "fileType": "epub", "coverImageUrl": "book-covers/22381.epub.images.epub.png", "authors": {"connectOrCreate": [{"where": {"name": "Berens, E. M."}, "create": {"name": "Berens, E. M.", "birthYear": null, "deathYear": null}}]}, "genres": {"connectOrCreate": [{"where": {"name": "Greece"}, "create": {"name": "Greece"}}, {"where": {"name": "Mythology"}, "create": {"name": "Mythology"}}]}}, {"title": "A Little Princess: Being the whole story of Sara Crewe now told for the first time", "copyright": false, "fileUrl": "books/146.epub.images.epub", "fileType": "epub", "coverImageUrl": "book-covers/146.epub.images.epub.png", "authors": {"connectOrCreate": [{"where": {"name": "Burnett, Frances Hodgson"}, "create": {"name": "Burnett, Frances Hodgson", "birthYear": 1849, "deathYear": 1924}}]}, "genres": {"connectOrCreate": [{"where": {"name": "Children's Literature"}, "create": {"name": "Children's Literature"}}, {"where": {"name": "School Stories"}, "create": {"name": "School Stories"}}]}}, {"title": "The Lady with the Dog and Other Stories", "copyright": false, "fileUrl": "books/13415.epub.images.epub", "fileType": "epub", "coverImageUrl": "book-covers/13415.epub.images.epub.png", "authors": {"connectOrCreate": [{"where": {"name": "Chekhov, Anton Pavlovich"}, "create": {"name": "Chekhov, Anton Pavlovich", "birthYear": 1860, "deathYear": 1904}}]}, "genres": {"connectOrCreate": []}}, {"title": "Frankenstein; Or, The Modern Prometheus", "copyright": false, "fileUrl": "books/42324.epub.images.epub", "fileType": "epub", "coverImageUrl": "book-covers/42324.epub.images.epub.png", "authors": {"connectOrCreate": [{"where": {"name": "Shelley, Mary Wollstonecraft"}, "create": {"name": "Shelley, Mary Wollstonecraft", "birthYear": 1797, "deathYear": 1851}}]}, "genres": {"connectOrCreate": [{"where": {"name": "Precursors of Science Fiction"}, "create": {"name": "Precursors of Science Fiction"}}, {"where": {"name": "Science Fiction by Women"}, "create": {"name": "Science Fiction by Women"}}]}}, {"title": "The Sea-Gull", "copyright": false, "fileUrl": "books/1754.epub.images.epub", "fileType": "epub", "coverImageUrl": "book-covers/1754.epub.images.epub.png", "authors": {"connectOrCreate": [{"where": {"name": "Chekhov, Anton Pavlovich"}, "create": {"name": "Chekhov, Anton Pavlovich", "birthYear": 1860, "deathYear": 1904}}]}, "genres": {"connectOrCreate": []}}, {"title": "We", "copyright": false, "fileUrl": "books/61963.epub.images.epub", "fileType": "epub", "coverImageUrl": "book-covers/61963.epub.images.epub.jpeg", "authors": {"connectOrCreate": [{"where": {"name": "Zamiatin, Evgenii Ivanovich"}, "create": {"name": "Zamiatin, Evgenii Ivanovich", "birthYear": 1884, "deathYear": 1937}}]}, "genres": {"connectOrCreate": []}}, {"title": "Alice's Adventures in Wonderland", "copyright": false, "fileUrl": "books/19033.epub.images.epub", "fileType": "epub", "coverImageUrl": "book-covers/19033.epub.images.epub.jpeg", "authors": {"connectOrCreate": [{"where": {"name": "Carroll, Lewis"}, "create": {"name": "Carroll, Lewis", "birthYear": 1832, "deathYear": 1898}}]}, "genres": {"connectOrCreate": [{"where": {"name": "Children's Literature"}, "create": {"name": "Children's Literature"}}]}}, {"title": "A Passage to India", "copyright": false, "fileUrl": "books/61221.epub.images.epub", "fileType": "epub", "coverImageUrl": "book-covers/61221.epub.images.epub.jpeg", "authors": {"connectOrCreate": [{"where": {"name": "Forster, E. M. (Edward Morgan)"}, "create": {"name": "Forster, E. M. (Edward Morgan)", "birthYear": 1879, "deathYear": 1970}}]}, "genres": {"connectOrCreate": []}}, {"title": "The American Diary of a Japanese Girl", "copyright": false, "fileUrl": "books/63256.epub.images.epub", "fileType": "epub", "coverImageUrl": "book-covers/63256.epub.images.epub.jpeg", "authors": {"connectOrCreate": [{"where": {"name": "Noguchi, Yon\u00e9"}, "create": {"name": "Noguchi, Yon\u00e9", "birthYear": 1875, "deathYear": 1947}}]}, "genres": {"connectOrCreate": []}}, {"title": "White Fang", "copyright": false, "fileUrl": "books/910.epub.images.epub", "fileType": "epub", "coverImageUrl": "book-covers/910.epub.images.epub.png", "authors": {"connectOrCreate": [{"where": {"name": "London, Jack"}, "create": {"name": "London, Jack", "birthYear": 1876, "deathYear": 1916}}]}, "genres": {"connectOrCreate": [{"where": {"name": "Adventure"}, "create": {"name": "Adventure"}}, {"where": {"name": "Movie Books"}, "create": {"name": "Movie Books"}}]}}, {"title": "The Wind in the Willows", "copyright": false, "fileUrl": "books/289.epub.images.epub", "fileType": "epub", "coverImageUrl": "book-covers/289.epub.images.epub.jpeg", "authors": {"connectOrCreate": [{"where": {"name": "Grahame, Kenneth"}, "create": {"name": "Grahame, Kenneth", "birthYear": 1859, "deathYear": 1932}}]}, "genres": {"connectOrCreate": [{"where": {"name": "Best Books Ever Listings"}, "create": {"name": "Best Books Ever Listings"}}, {"where": {"name": "Children's Literature"}, "create": {"name": "Children's Literature"}}]}}, {"title": "The Wars of the Jews; Or, The History of the Destruction of Jerusalem", "copyright": false, "fileUrl": "books/2850.epub.images.epub", "fileType": "epub", "coverImageUrl": "book-covers/2850.epub.images.epub.png", "authors": {"connectOrCreate": [{"where": {"name": "Josephus, Flavius"}, "create": {"name": "Josephus, Flavius", "birthYear": 37, "deathYear": null}}]}, "genres": {"connectOrCreate": [{"where": {"name": "Judaism"}, "create": {"name": "Judaism"}}]}}, {"title": "Twenty Thousand Leagues under the Sea", "copyright": false, "fileUrl": "books/164.epub.images.epub", "fileType": "epub", "coverImageUrl": "book-covers/164.epub.images.epub.png", "authors": {"connectOrCreate": [{"where": {"name": "Verne, Jules"}, "create": {"name": "Verne, Jules", "birthYear": 1828, "deathYear": 1905}}]}, "genres": {"connectOrCreate": [{"where": {"name": "Science Fiction"}, "create": {"name": "Science Fiction"}}]}}, {"title": "Plays", "copyright": false, "fileUrl": "books/10623.epub.images.epub", "fileType": "epub", "coverImageUrl": "book-covers/10623.epub.images.epub.png", "authors": {"connectOrCreate": [{"where": {"name": "Glaspell, Susan"}, "create": {"name": "Glaspell, Susan", "birthYear": 1876, "deathYear": 1948}}]}, "genres": {"connectOrCreate": [{"where": {"name": "One Act Plays"}, "create": {"name": "One Act Plays"}}]}}, {"title": "Personal Memoirs of U. S. Grant, Complete", "copyright": false, "fileUrl": "books/4367.epub.images.epub", "fileType": "epub", "coverImageUrl": "book-covers/4367.epub.images.epub.jpeg", "authors": {"connectOrCreate": [{"where": {"name": "Grant, Ulysses S. (Ulysses Simpson)"}, "create": {"name": "Grant, Ulysses S. (Ulysses Simpson)", "birthYear": 1822, "deathYear": 1885}}]}, "genres": {"connectOrCreate": [{"where": {"name": "Children's History"}, "create": {"name": "Children's History"}}, {"where": {"name": "US Civil War"}, "create": {"name": "US Civil War"}}]}}, {"title": "A Japanese Boy", "copyright": false, "fileUrl": "books/35249.epub.images.epub", "fileType": "epub", "coverImageUrl": "book-covers/35249.epub.images.epub.png", "authors": {"connectOrCreate": [{"where": {"name": "Shiukichi, Shigemi"}, "create": {"name": "Shiukichi, Shigemi", "birthYear": 1865, "deathYear": 1928}}]}, "genres": {"connectOrCreate": []}}, {"title": "A Complete Guide to Heraldry", "copyright": false, "fileUrl": "books/41617.epub.images.epub", "fileType": "epub", "coverImageUrl": "book-covers/41617.epub.images.epub.png", "authors": {"connectOrCreate": [{"where": {"name": "Fox-Davies, Arthur Charles"}, "create": {"name": "Fox-Davies, Arthur Charles", "birthYear": 1871, "deathYear": 1928}}]}, "genres": {"connectOrCreate": []}}, {"title": "The Idiot", "copyright": false, "fileUrl": "books/2638.epub.images.epub", "fileType": "epub", "coverImageUrl": "book-covers/2638.epub.images.epub.png", "authors": {"connectOrCreate": [{"where": {"name": "Dostoyevsky, Fyodor"}, "create": {"name": "Dostoyevsky, Fyodor", "birthYear": 1821, "deathYear": 1881}}]}, "genres": {"connectOrCreate": [{"where": {"name": "Best Books Ever Listings"}, "create": {"name": "Best Books Ever Listings"}}]}}, {"title": "Black Beauty", "copyright": false, "fileUrl": "books/271.epub.images.epub", "fileType": "epub", "coverImageUrl": "book-covers/271.epub.images.epub.png", "authors": {"connectOrCreate": [{"where": {"name": "Sewell, Anna"}, "create": {"name": "Sewell, Anna", "birthYear": 1820, "deathYear": 1878}}]}, "genres": {"connectOrCreate": [{"where": {"name": "Best Books Ever Listings"}, "create": {"name": "Best Books Ever Listings"}}, {"where": {"name": "Children's Literature"}, "create": {"name": "Children's Literature"}}]}}, {"title": "The Murder on the Links", "copyright": false, "fileUrl": "books/58866.epub.images.epub", "fileType": "epub", "coverImageUrl": "book-covers/58866.epub.images.epub.jpeg", "authors": {"connectOrCreate": [{"where": {"name": "Christie, Agatha"}, "create": {"name": "Christie, Agatha", "birthYear": 1890, "deathYear": 1976}}]}, "genres": {"connectOrCreate": [{"where": {"name": "Detective Fiction"}, "create": {"name": "Detective Fiction"}}]}}]