[{"title": "Memoirs of Fanny Hill: A New and Genuine Edition from the Original Text (London, 1749)", "copyright": false, "fileUrl": "books/25305.epub.images.epub", "fileType": "epub", "coverImageUrl": "book-covers/25305.epub.images.epub.png", "authors": {"connectOrCreate": [{"where": {"name": "Cleland, John"}, "create": {"name": "Cleland, John", "birthYear": 1709, "deathYear": 1789}}]}, "genres": {"connectOrCreate": [{"where": {"name": "Banned Books from Anne Haight's list"}, "create": {"name": "Banned Books from Anne Haight's list"}}]}}, {"title": "On War", "copyright": false, "fileUrl": "books/1946.epub.images.epub", "fileType": "epub", "coverImageUrl": "book-covers/1946.epub.images.epub.jpeg", "authors": {"connectOrCreate": [{"where": {"name": "Clausewitz, Carl von"}, "create": {"name": "Clausewitz, Carl von", "birthYear": 1780, "deathYear": 1831}}]}, "genres": {"connectOrCreate": []}}, {"title": "Novo dicion\u00e1rio da l\u00edngua portuguesa", "copyright": false, "fileUrl": "books/31552.epub.images.epub", "fileType": "epub", "coverImageUrl": "book-covers/31552.epub.images.epub.png", "authors": {"connectOrCreate": [{"where": {"name": "Figueiredo, C\u00e2ndido de"}, "create": {"name": "Figueiredo, C\u00e2ndido de", "birthYear": 1846, "deathYear": 1925}}]}, "genres": {"connectOrCreate": []}}, {"title": "The Secret Garden", "copyright": false, "fileUrl": "books/17396.epub.images.epub", "fileType": "epub", "coverImageUrl": "book-covers/17396.epub.images.epub.jpeg", "authors": {"connectOrCreate": [{"where": {"name": "Burnett, Frances Hodgson"}, "create": {"name": "Burnett, Frances Hodgson", "birthYear": 1849, "deathYear": 1924}}]}, "genres": {"connectOrCreate": [{"where": {"name": "Children's Literature"}, "create": {"name": "Children's Literature"}}]}}, {"title": "Essays by Ralph Waldo Emerson", "copyright": false, "fileUrl": "books/16643.epub.images.epub", "fileType": "epub", "coverImageUrl": "book-covers/16643.epub.images.epub.png", "authors": {"connectOrCreate": [{"where": {"name": "Emerson, Ralph Waldo"}, "create": {"name": "Emerson, Ralph Waldo", "birthYear": 1803, "deathYear": 1882}}]}, "genres": {"connectOrCreate": [{"where": {"name": "Harvard Classics"}, "create": {"name": "Harvard Classics"}}]}}, {"title": "Paradise Lost", "copyright": false, "fileUrl": "books/26.epub.images.epub", "fileType": "epub", "coverImageUrl": "book-covers/26.epub.images.epub.png", "authors": {"connectOrCreate": [{"where": {"name": "Milton, John"}, "create": {"name": "Milton, John", "birthYear": 1608, "deathYear": 1674}}]}, "genres": {"connectOrCreate": []}}, {"title": "Cookery and Dining in Imperial Rome", "copyright": false, "fileUrl": "books/29728.epub.images.epub", "fileType": "epub", "coverImageUrl": "book-covers/29728.epub.images.epub.png", "authors": {"connectOrCreate": [{"where": {"name": "Apicius"}, "create": {"name": "Apicius", "birthYear": null, "deathYear": null}}]}, "genres": {"connectOrCreate": [{"where": {"name": "Cookbooks and Cooking"}, "create": {"name": "Cookbooks and Cooking"}}]}}, {"title": "A Connecticut Yankee in King Arthur's Court", "copyright": false, "fileUrl": "books/86.epub.images.epub", "fileType": "epub", "coverImageUrl": "book-covers/86.epub.images.epub.jpeg", "authors": {"connectOrCreate": [{"where": {"name": "Twain, Mark"}, "create": {"name": "Twain, Mark", "birthYear": 1835, "deathYear": 1910}}]}, "genres": {"connectOrCreate": [{"where": {"name": "Arthurian Legends"}, "create": {"name": "Arthurian Legends"}}, {"where": {"name": "Precursors of Science Fiction"}, "create": {"name": "Precursors of Science Fiction"}}]}}, {"title": "Florante at Laura", "copyright": false, "fileUrl": "books/15845.epub.images.epub", "fileType": "epub", "coverImageUrl": "book-covers/15845.epub.images.epub.png", "authors": {"connectOrCreate": [{"where": {"name": "Balagtas, Francisco"}, "create": {"name": "Balagtas, Francisco", "birthYear": 1788, "deathYear": 1862}}]}, "genres": {"connectOrCreate": []}}, {"title": "Macbeth", "copyright": false, "fileUrl": "books/1533.epub.images.epub", "fileType": "epub", "coverImageUrl": "book-covers/1533.epub.images.epub.jpeg", "authors": {"connectOrCreate": [{"where": {"name": "Shakespeare, William"}, "create": {"name": "Shakespeare, William", "birthYear": 1564, "deathYear": 1616}}]}, "genres": {"connectOrCreate": [{"where": {"name": "Opera"}, "create": {"name": "Opera"}}]}}, {"title": "The Children of Odin: The Book of Northern Myths", "copyright": false, "fileUrl": "books/24737.epub.images.epub", "fileType": "epub", "coverImageUrl": "book-covers/24737.epub.images.epub.png", "authors": {"connectOrCreate": [{"where": {"name": "Colum, Padraic"}, "create": {"name": "Colum, Padraic", "birthYear": 1881, "deathYear": 1972}}]}, "genres": {"connectOrCreate": [{"where": {"name": "Children's Myths, Fairy Tales, etc."}, "create": {"name": "Children's Myths, Fairy Tales, etc."}}, {"where": {"name": "Paganism"}, "create": {"name": "Paganism"}}]}}, {"title": "Die Verwandlung", "copyright": false, "fileUrl": "books/22367.epub.images.epub", "fileType": "epub", "coverImageUrl": "book-covers/22367.epub.images.epub.jpeg", "authors": {"connectOrCreate": [{"where": {"name": "Kafka, Franz"}, "create": {"name": "Kafka, Franz", "birthYear": 1883, "deathYear": 1924}}]}, "genres": {"connectOrCreate": [{"where": {"name": "DE Prosa"}, "create": {"name": "DE Prosa"}}]}}, {"title": "Ancient Chinese account of the Grand Canyon, or course of the Colorado", "copyright": false, "fileUrl": "books/34909.epub.images.epub", "fileType": "epub", "coverImageUrl": "book-covers/34909.epub.images.epub.png", "authors": {"connectOrCreate": [{"where": {"name": "McAllan, Alexander"}, "create": {"name": "McAllan, Alexander", "birthYear": 1847, "deathYear": null}}]}, "genres": {"connectOrCreate": []}}, {"title": "Arms and the Man", "copyright": false, "fileUrl": "books/3618.epub.images.epub", "fileType": "epub", "coverImageUrl": "book-covers/3618.epub.images.epub.jpeg", "authors": {"connectOrCreate": [{"where": {"name": "Shaw, Bernard"}, "create": {"name": "Shaw, Bernard", "birthYear": 1856, "deathYear": 1950}}]}, "genres": {"connectOrCreate": []}}, {"title": "Spenser's The Faerie Queene, Book I", "copyright": false, "fileUrl": "books/15272.epub.images.epub", "fileType": "epub", "coverImageUrl": "book-covers/15272.epub.images.epub.png", "authors": {"connectOrCreate": [{"where": {"name": "Spenser, Edmund"}, "create": {"name": "Spenser, Edmund", "birthYear": 1551, "deathYear": 1599}}]}, "genres": {"connectOrCreate": []}}, {"title": "The Age of Innocence", "copyright": false, "fileUrl": "books/541.epub.images.epub", "fileType": "epub", "coverImageUrl": "book-covers/541.epub.images.epub.png", "authors": {"connectOrCreate": [{"where": {"name": "Wharton, Edith"}, "create": {"name": "Wharton, Edith", "birthYear": 1862, "deathYear": 1937}}]}, "genres": {"connectOrCreate": [{"where": {"name": "Bestsellers, American, 1895-1923"}, "create": {"name": "Bestsellers, American, 1895-1923"}}, {"where": {"name": "Movie Books"}, "create": {"name": "Movie Books"}}]}}, {"title": "The Works of Edgar Allan Poe \u2014 Volume 1", "copyright": false, "fileUrl": "books/2147.epub.images.epub", "fileType": "epub", "coverImageUrl": "book-covers/2147.epub.images.epub.png", "authors": {"connectOrCreate": [{"where": {"name": "Poe, Edgar Allan"}, "create": {"name": "Poe, Edgar Allan", "birthYear": 1809, "deathYear": 1849}}]}, "genres": {"connectOrCreate": [{"where": {"name": "Detective Fiction"}, "create": {"name": "Detective Fiction"}}, {"where": {"name": "Horror"}, "create": {"name": "Horror"}}, {"where": {"name": "Mystery Fiction"}, "create": {"name": "Mystery Fiction"}}]}}, {"title": "Hedda Gabler", "copyright": false, "fileUrl": "books/4093.epub.images.epub", "fileType": "epub", "coverImageUrl": "book-covers/4093.epub.images.epub.png", "authors": {"connectOrCreate": [{"where": {"name": "Ibsen, Henrik"}, "create": {"name": "Ibsen, Henrik", "birthYear": 1828, "deathYear": 1906}}]}, "genres": {"connectOrCreate": []}}, {"title": "Anne of Avonlea", "copyright": false, "fileUrl": "books/47.epub.images.epub", "fileType": "epub", "coverImageUrl": "book-covers/47.epub.images.epub.png", "authors": {"connectOrCreate": [{"where": {"name": "Montgomery, L. M. (Lucy Maud)"}, "create": {"name": "Montgomery, L. M. (Lucy Maud)", "birthYear": 1874, "deathYear": 1942}}]}, "genres": {"connectOrCreate": [{"where": {"name": "Canada"}, "create": {"name": "Canada"}}, {"where": {"name": "Children's Literature"}, "create": {"name": "Children's Literature"}}]}}, {"title": "Lyrical Ballads, With a Few Other Poems (1798)", "copyright": false, "fileUrl": "books/9622.epub.images.epub", "fileType": "epub", "coverImageUrl": "book-covers/9622.epub.images.epub.png", "authors": {"connectOrCreate": [{"where": {"name": "Coleridge, Samuel Taylor"}, "create": {"name": "Coleridge, Samuel Taylor", "birthYear": 1772, "deathYear": 1834}}, {"where": {"name": "Wordsworth, William"}, "create": {"name": "Wordsworth, William", "birthYear": 1770, "deathYear": 1850}}]}, "genres": {"connectOrCreate": [{"where": {"name": "Poetry"}, "create": {"name": "Poetry"}}]}}, {"title": "The Island of Doctor Moreau", "copyright": false, "fileUrl": "books/159.epub.images.epub", "fileType": "epub", "coverImageUrl": "book-covers/159.epub.images.epub.png", "authors": {"connectOrCreate": [{"where": {"name": "Wells, H. G. (Herbert George)"}, "create": {"name": "Wells, H. G. (Herbert George)", "birthYear": 1866, "deathYear": 1946}}]}, "genres": {"connectOrCreate": [{"where": {"name": "Best Books Ever Listings"}, "create": {"name": "Best Books Ever Listings"}}, {"where": {"name": "Movie Books"}, "create": {"name": "Movie Books"}}, {"where": {"name": "Science Fiction"}, "create": {"name": "Science Fiction"}}]}}, {"title": "Notre-Dame de Paris", "copyright": false, "fileUrl": "books/2610.epub.images.epub", "fileType": "epub", "coverImageUrl": "book-covers/2610.epub.images.epub.jpeg", "authors": {"connectOrCreate": [{"where": {"name": "Hugo, Victor"}, "create": {"name": "Hugo, Victor", "birthYear": 1802, "deathYear": 1885}}]}, "genres": {"connectOrCreate": [{"where": {"name": "Banned Books from Anne Haight's list"}, "create": {"name": "Banned Books from Anne Haight's list"}}, {"where": {"name": "Harvard Classics"}, "create": {"name": "Harvard Classics"}}, {"where": {"name": "Movie Books"}, "create": {"name": "Movie Books"}}]}}, {"title": "The Republic of Plato", "copyright": false, "fileUrl": "books/55201.epub.images.epub", "fileType": "epub", "coverImageUrl": "book-covers/55201.epub.images.epub.jpeg", "authors": {"connectOrCreate": [{"where": {"name": "Plato"}, "create": {"name": "Plato", "birthYear": -428, "deathYear": -348}}]}, "genres": {"connectOrCreate": []}}, {"title": "The Invisible Man: A Grotesque Romance", "copyright": false, "fileUrl": "books/5230.epub.images.epub", "fileType": "epub", "coverImageUrl": "book-covers/5230.epub.images.epub.jpeg", "authors": {"connectOrCreate": [{"where": {"name": "Wells, H. G. (Herbert George)"}, "create": {"name": "Wells, H. G. (Herbert George)", "birthYear": 1866, "deathYear": 1946}}]}, "genres": {"connectOrCreate": [{"where": {"name": "Movie Books"}, "create": {"name": "Movie Books"}}]}}, {"title": "Pascal's Pens\u00e9es", "copyright": false, "fileUrl": "books/18269.epub.images.epub", "fileType": "epub", "coverImageUrl": "book-covers/18269.epub.images.epub.png", "authors": {"connectOrCreate": [{"where": {"name": "Pascal, Blaise"}, "create": {"name": "Pascal, Blaise", "birthYear": 1623, "deathYear": 1662}}]}, "genres": {"connectOrCreate": [{"where": {"name": "Banned Books from Anne Haight's list"}, "create": {"name": "Banned Books from Anne Haight's list"}}, {"where": {"name": "Harvard Classics"}, "create": {"name": "Harvard Classics"}}]}}, {"title": "The Rape of the Lock, and Other Poems", "copyright": false, "fileUrl": "books/9800.epub.images.epub", "fileType": "epub", "coverImageUrl": "book-covers/9800.epub.images.epub.png", "authors": {"connectOrCreate": [{"where": {"name": "Pope, Alexander"}, "create": {"name": "Pope, Alexander", "birthYear": 1688, "deathYear": 1744}}]}, "genres": {"connectOrCreate": []}}, {"title": "The Cask of Amontillado", "copyright": false, "fileUrl": "books/1063.epub.images.epub", "fileType": "epub", "coverImageUrl": "book-covers/1063.epub.images.epub.png", "authors": {"connectOrCreate": [{"where": {"name": "Poe, Edgar Allan"}, "create": {"name": "Poe, Edgar Allan", "birthYear": 1809, "deathYear": 1849}}]}, "genres": {"connectOrCreate": []}}, {"title": "As a Man Thinketh", "copyright": false, "fileUrl": "books/4507.epub.images.epub", "fileType": "epub", "coverImageUrl": "book-covers/4507.epub.images.epub.png", "authors": {"connectOrCreate": [{"where": {"name": "Allen, James"}, "create": {"name": "Allen, James", "birthYear": 1864, "deathYear": 1912}}]}, "genres": {"connectOrCreate": []}}, {"title": "The Flowers of Evil", "copyright": false, "fileUrl": "books/36098.epub.images.epub", "fileType": "epub", "coverImageUrl": "book-covers/36098.epub.images.epub.png", "authors": {"connectOrCreate": [{"where": {"name": "Baudelaire, Charles"}, "create": {"name": "Baudelaire, Charles", "birthYear": 1821, "deathYear": 1867}}]}, "genres": {"connectOrCreate": []}}, {"title": "The Critique of Pure Reason", "copyright": false, "fileUrl": "books/4280.epub.images.epub", "fileType": "epub", "coverImageUrl": "book-covers/4280.epub.images.epub.jpeg", "authors": {"connectOrCreate": [{"where": {"name": "Kant, Immanuel"}, "create": {"name": "Kant, Immanuel", "birthYear": 1724, "deathYear": 1804}}]}, "genres": {"connectOrCreate": [{"where": {"name": "Philosophy"}, "create": {"name": "Philosophy"}}]}}, {"title": "The Thousand and One Nights, Vol. I.: Commonly Called the Arabian Nights' Entertainments", "copyright": false, "fileUrl": "books/34206.epub.images.epub", "fileType": "epub", "coverImageUrl": "book-covers/34206.epub.images.epub.png", "authors": {"connectOrCreate": []}, "genres": {"connectOrCreate": []}}, {"title": "Incidents in the Life of a Slave Girl, Written by Herself", "copyright": false, "fileUrl": "books/11030.epub.images.epub", "fileType": "epub", "coverImageUrl": "book-covers/11030.epub.images.epub.png", "authors": {"connectOrCreate": [{"where": {"name": "Jacobs, Harriet A. (Harriet Ann)"}, "create": {"name": "Jacobs, Harriet A. (Harriet Ann)", "birthYear": 1813, "deathYear": 1897}}]}, "genres": {"connectOrCreate": [{"where": {"name": "African American Writers"}, "create": {"name": "African American Writers"}}]}}]