[{"title": "Bartleby, the Scrivener: A Story of Wall-Street", "copyright": false, "fileUrl": "books/11231.epub.images.epub", "fileType": "epub", "coverImageUrl": "book-covers/11231.epub.images.epub.png", "authors": {"connectOrCreate": [{"where": {"name": "Melville, Herman"}, "create": {"name": "Melville, Herman", "birthYear": 1819, "deathYear": 1891}}]}, "genres": {"connectOrCreate": []}}, {"title": "The Philippine Islands, 1493-1898 \u2014 Volume 07 of 55: 1588-1591; Explorations by Early Navigators, Descriptions of the Islands and Their Peoples, Their History and Records of the Catholic Missions, as Related in Contemporaneous Books and Manuscripts, Showing the Political, Economic, Commercial and Religious Conditions of Those Islands from Their Earliest Relations with European Nations to the Close of the Nineteenth Century", "copyright": false, "fileUrl": "books/13701.epub.images.epub", "fileType": "epub", "coverImageUrl": "book-covers/13701.epub.images.epub.png", "authors": {"connectOrCreate": []}, "genres": {"connectOrCreate": []}}, {"title": "The Pickwick Papers", "copyright": false, "fileUrl": "books/580.epub.images.epub", "fileType": "epub", "coverImageUrl": "book-covers/580.epub.images.epub.png", "authors": {"connectOrCreate": [{"where": {"name": "Dickens, Charles"}, "create": {"name": "Dickens, Charles", "birthYear": 1812, "deathYear": 1870}}]}, "genres": {"connectOrCreate": [{"where": {"name": "Best Books Ever Listings"}, "create": {"name": "Best Books Ever Listings"}}]}}, {"title": "A Room with a View", "copyright": false, "fileUrl": "books/2641.epub.images.epub", "fileType": "epub", "coverImageUrl": "book-covers/2641.epub.images.epub.png", "authors": {"connectOrCreate": [{"where": {"name": "Forster, E. M. (Edward Morgan)"}, "create": {"name": "Forster, E. M. (Edward Morgan)", "birthYear": 1879, "deathYear": 1970}}]}, "genres": {"connectOrCreate": [{"where": {"name": "Italy"}, "create": {"name": "Italy"}}]}}, {"title": "The Poetics of Aristotle", "copyright": false, "fileUrl": "books/1974.epub.images.epub", "fileType": "epub", "coverImageUrl": "book-covers/1974.epub.images.epub.png", "authors": {"connectOrCreate": [{"where": {"name": "Aristotle"}, "create": {"name": "Aristotle", "birthYear": -384, "deathYear": -322}}]}, "genres": {"connectOrCreate": [{"where": {"name": "Classical Antiquity"}, "create": {"name": "Classical Antiquity"}}, {"where": {"name": "Philosophy"}, "create": {"name": "Philosophy"}}]}}, {"title": "Helps to Latin Translation at Sight", "copyright": false, "fileUrl": "books/28890.epub.images.epub", "fileType": "epub", "coverImageUrl": "book-covers/28890.epub.images.epub.png", "authors": {"connectOrCreate": [{"where": {"name": "Luce, Edmund"}, "create": {"name": "Luce, Edmund", "birthYear": null, "deathYear": null}}]}, "genres": {"connectOrCreate": []}}, {"title": "The World as Will and Idea (Vol. 1 of 3)", "copyright": false, "fileUrl": "books/38427.epub.images.epub", "fileType": "epub", "coverImageUrl": "book-covers/38427.epub.images.epub.png", "authors": {"connectOrCreate": [{"where": {"name": "Schopenhauer, Arthur"}, "create": {"name": "Schopenhauer, Arthur", "birthYear": 1788, "deathYear": 1860}}]}, "genres": {"connectOrCreate": []}}, {"title": "The vision of hell.: By Dante Alighieri.; Translated by Rev. Henry Francis Cary, M.A.; and illustrated with the seventy-five designs of Gustave Dor\u00e9.", "copyright": false, "fileUrl": "books/8789.epub.images.epub", "fileType": "epub", "coverImageUrl": "book-covers/8789.epub.images.epub.jpeg", "authors": {"connectOrCreate": [{"where": {"name": "Dante Alighieri"}, "create": {"name": "Dante Alighieri", "birthYear": 1265, "deathYear": 1321}}]}, "genres": {"connectOrCreate": [{"where": {"name": "Italy"}, "create": {"name": "Italy"}}]}}, {"title": "The R\u00e1m\u00e1yan of V\u00e1lm\u00edki, translated into English verse", "copyright": false, "fileUrl": "books/24869.epub.images.epub", "fileType": "epub", "coverImageUrl": "book-covers/24869.epub.images.epub.png", "authors": {"connectOrCreate": [{"where": {"name": "Valmiki"}, "create": {"name": "Valmiki", "birthYear": null, "deathYear": null}}]}, "genres": {"connectOrCreate": [{"where": {"name": "India"}, "create": {"name": "India"}}]}}, {"title": "Utopia", "copyright": false, "fileUrl": "books/2130.epub.images.epub", "fileType": "epub", "coverImageUrl": "book-covers/2130.epub.images.epub.png", "authors": {"connectOrCreate": [{"where": {"name": "More, Thomas, Saint"}, "create": {"name": "More, Thomas, Saint", "birthYear": 1478, "deathYear": 1535}}]}, "genres": {"connectOrCreate": [{"where": {"name": "Harvard Classics"}, "create": {"name": "Harvard Classics"}}, {"where": {"name": "Politics"}, "create": {"name": "Politics"}}]}}, {"title": "The Memoirs of Sherlock Holmes", "copyright": false, "fileUrl": "books/834.epub.images.epub", "fileType": "epub", "coverImageUrl": "book-covers/834.epub.images.epub.jpeg", "authors": {"connectOrCreate": [{"where": {"name": "Doyle, Arthur Conan"}, "create": {"name": "Doyle, Arthur Conan", "birthYear": 1859, "deathYear": 1930}}]}, "genres": {"connectOrCreate": [{"where": {"name": "Detective Fiction"}, "create": {"name": "Detective Fiction"}}]}}, {"title": "The Scarlet Pimpernel", "copyright": false, "fileUrl": "books/60.epub.images.epub", "fileType": "epub", "coverImageUrl": "book-covers/60.epub.images.epub.png", "authors": {"connectOrCreate": [{"where": {"name": "Orczy, Emmuska Orczy, Baroness"}, "create": {"name": "Orczy, Emmuska Orczy, Baroness", "birthYear": 1865, "deathYear": 1947}}]}, "genres": {"connectOrCreate": [{"where": {"name": "Adventure"}, "create": {"name": "Adventure"}}, {"where": {"name": "Best Books Ever Listings"}, "create": {"name": "Best Books Ever Listings"}}, {"where": {"name": "Movie Books"}, "create": {"name": "Movie Books"}}]}}, {"title": "Our Mutual Friend", "copyright": false, "fileUrl": "books/883.epub.images.epub", "fileType": "epub", "coverImageUrl": "book-covers/883.epub.images.epub.png", "authors": {"connectOrCreate": [{"where": {"name": "Dickens, Charles"}, "create": {"name": "Dickens, Charles", "birthYear": 1812, "deathYear": 1870}}]}, "genres": {"connectOrCreate": []}}, {"title": "The Adventures of Pinocchio", "copyright": false, "fileUrl": "books/500.epub.images.epub", "fileType": "epub", "coverImageUrl": "book-covers/500.epub.images.epub.png", "authors": {"connectOrCreate": [{"where": {"name": "Collodi, Carlo"}, "create": {"name": "Collodi, Carlo", "birthYear": 1826, "deathYear": 1890}}]}, "genres": {"connectOrCreate": []}}, {"title": "Life on the Mississippi", "copyright": false, "fileUrl": "books/245.epub.images.epub", "fileType": "epub", "coverImageUrl": "book-covers/245.epub.images.epub.jpeg", "authors": {"connectOrCreate": [{"where": {"name": "Twain, Mark"}, "create": {"name": "Twain, Mark", "birthYear": 1835, "deathYear": 1910}}]}, "genres": {"connectOrCreate": []}}, {"title": "North and South", "copyright": false, "fileUrl": "books/4276.epub.images.epub", "fileType": "epub", "coverImageUrl": "book-covers/4276.epub.images.epub.jpeg", "authors": {"connectOrCreate": [{"where": {"name": "Gaskell, Elizabeth Cleghorn"}, "create": {"name": "Gaskell, Elizabeth Cleghorn", "birthYear": 1810, "deathYear": 1865}}]}, "genres": {"connectOrCreate": []}}, {"title": "The Lives of the Twelve Caesars, Complete", "copyright": false, "fileUrl": "books/6400.epub.images.epub", "fileType": "epub", "coverImageUrl": "book-covers/6400.epub.images.epub.png", "authors": {"connectOrCreate": [{"where": {"name": "Suetonius"}, "create": {"name": "Suetonius", "birthYear": null, "deathYear": null}}]}, "genres": {"connectOrCreate": []}}, {"title": "The Duchess of Malfi", "copyright": false, "fileUrl": "books/2232.epub.images.epub", "fileType": "epub", "coverImageUrl": "book-covers/2232.epub.images.epub.png", "authors": {"connectOrCreate": [{"where": {"name": "Webster, John"}, "create": {"name": "Webster, John", "birthYear": null, "deathYear": null}}]}, "genres": {"connectOrCreate": [{"where": {"name": "Harvard Classics"}, "create": {"name": "Harvard Classics"}}]}}, {"title": "The City of God, Volume I", "copyright": false, "fileUrl": "books/45304.epub.images.epub", "fileType": "epub", "coverImageUrl": "book-covers/45304.epub.images.epub.jpeg", "authors": {"connectOrCreate": [{"where": {"name": "Augustine, Saint, Bishop of Hippo"}, "create": {"name": "Augustine, Saint, Bishop of Hippo", "birthYear": 354, "deathYear": 430}}]}, "genres": {"connectOrCreate": []}}, {"title": "The Sorrows of Young Werther", "copyright": false, "fileUrl": "books/2527.epub.images.epub", "fileType": "epub", "coverImageUrl": "book-covers/2527.epub.images.epub.png", "authors": {"connectOrCreate": [{"where": {"name": "Goethe, Johann Wolfgang von"}, "create": {"name": "Goethe, Johann Wolfgang von", "birthYear": 1749, "deathYear": 1832}}]}, "genres": {"connectOrCreate": [{"where": {"name": "Banned Books from Anne Haight's list"}, "create": {"name": "Banned Books from Anne Haight's list"}}, {"where": {"name": "Harvard Classics"}, "create": {"name": "Harvard Classics"}}, {"where": {"name": "Opera"}, "create": {"name": "Opera"}}]}}, {"title": "The Pilgrim's Progress from this world to that which is to come: Delivered under the similitude of a dream, by John Bunyan", "copyright": false, "fileUrl": "books/131.epub.images.epub", "fileType": "epub", "coverImageUrl": "book-covers/131.epub.images.epub.png", "authors": {"connectOrCreate": [{"where": {"name": "Bunyan, John"}, "create": {"name": "Bunyan, John", "birthYear": 1628, "deathYear": 1688}}]}, "genres": {"connectOrCreate": [{"where": {"name": "Christianity"}, "create": {"name": "Christianity"}}, {"where": {"name": "Harvard Classics"}, "create": {"name": "Harvard Classics"}}]}}, {"title": "The Little Red Hen: An Old English Folk Tale", "copyright": false, "fileUrl": "books/18735.epub.images.epub", "fileType": "epub", "coverImageUrl": "book-covers/18735.epub.images.epub.jpeg", "authors": {"connectOrCreate": []}, "genres": {"connectOrCreate": [{"where": {"name": "Children's Picture Books"}, "create": {"name": "Children's Picture Books"}}]}}, {"title": "Flatland: A Romance of Many Dimensions (Illustrated)", "copyright": false, "fileUrl": "books/201.epub.images.epub", "fileType": "epub", "coverImageUrl": "book-covers/201.epub.images.epub.png", "authors": {"connectOrCreate": [{"where": {"name": "Abbott, Edwin Abbott"}, "create": {"name": "Abbott, Edwin Abbott", "birthYear": 1838, "deathYear": 1926}}]}, "genres": {"connectOrCreate": [{"where": {"name": "Mathematics"}, "create": {"name": "Mathematics"}}, {"where": {"name": "Science Fiction"}, "create": {"name": "Science Fiction"}}]}}, {"title": "The Return of Sherlock Holmes", "copyright": false, "fileUrl": "books/108.epub.images.epub", "fileType": "epub", "coverImageUrl": "book-covers/108.epub.images.epub.jpeg", "authors": {"connectOrCreate": [{"where": {"name": "Doyle, Arthur Conan"}, "create": {"name": "Doyle, Arthur Conan", "birthYear": 1859, "deathYear": 1930}}]}, "genres": {"connectOrCreate": [{"where": {"name": "Detective Fiction"}, "create": {"name": "Detective Fiction"}}]}}, {"title": "Ivanhoe: A Romance", "copyright": false, "fileUrl": "books/82.epub.images.epub", "fileType": "epub", "coverImageUrl": "book-covers/82.epub.images.epub.jpeg", "authors": {"connectOrCreate": [{"where": {"name": "Scott, Walter"}, "create": {"name": "Scott, Walter", "birthYear": 1771, "deathYear": 1832}}]}, "genres": {"connectOrCreate": [{"where": {"name": "Best Books Ever Listings"}, "create": {"name": "Best Books Ever Listings"}}, {"where": {"name": "Historical Fiction"}, "create": {"name": "Historical Fiction"}}]}}, {"title": "The Philippine Islands, 1493-1898, Volume 33, 1519-1522: Explorations by early navigators, descriptions of the islands and their peoples, their history and records of the Catholic missions, as related in contemporaneous books and manuscripts, showing the political, economic, commercial and religious conditions of those islands from their earliest relations with European nations to the close of the nineteenth century", "copyright": false, "fileUrl": "books/42884.epub.images.epub", "fileType": "epub", "coverImageUrl": "book-covers/42884.epub.images.epub.jpeg", "authors": {"connectOrCreate": [{"where": {"name": "Pigafetta, Antonio"}, "create": {"name": "Pigafetta, Antonio", "birthYear": null, "deathYear": null}}]}, "genres": {"connectOrCreate": []}}, {"title": "Alice's Adventures in Wonderland: Illustrated by Arthur Rackham. With a Proem by Austin Dobson", "copyright": false, "fileUrl": "books/28885.epub.images.epub", "fileType": "epub", "coverImageUrl": "book-covers/28885.epub.images.epub.jpeg", "authors": {"connectOrCreate": [{"where": {"name": "Carroll, Lewis"}, "create": {"name": "Carroll, Lewis", "birthYear": 1832, "deathYear": 1898}}]}, "genres": {"connectOrCreate": [{"where": {"name": "Banned Books from Anne Haight's list"}, "create": {"name": "Banned Books from Anne Haight's list"}}]}}, {"title": "Adventures of Sherlock Holmes: Illustrated", "copyright": false, "fileUrl": "books/48320.epub.images.epub", "fileType": "epub", "coverImageUrl": "book-covers/48320.epub.images.epub.jpeg", "authors": {"connectOrCreate": [{"where": {"name": "Doyle, Arthur Conan"}, "create": {"name": "Doyle, Arthur Conan", "birthYear": 1859, "deathYear": 1930}}]}, "genres": {"connectOrCreate": []}}, {"title": "Faust [part 1]. Translated Into English in the Original Metres", "copyright": false, "fileUrl": "books/14591.epub.images.epub", "fileType": "epub", "coverImageUrl": "book-covers/14591.epub.images.epub.png", "authors": {"connectOrCreate": [{"where": {"name": "Goethe, Johann Wolfgang von"}, "create": {"name": "Goethe, Johann Wolfgang von", "birthYear": 1749, "deathYear": 1832}}]}, "genres": {"connectOrCreate": [{"where": {"name": "Banned Books from Anne Haight's list"}, "create": {"name": "Banned Books from Anne Haight's list"}}, {"where": {"name": "Best Books Ever Listings"}, "create": {"name": "Best Books Ever Listings"}}, {"where": {"name": "Harvard Classics"}, "create": {"name": "Harvard Classics"}}]}}, {"title": "Repertory of The Comedie Humaine, Complete, A \u2014 Z", "copyright": false, "fileUrl": "books/17635.epub.images.epub", "fileType": "epub", "coverImageUrl": "book-covers/17635.epub.images.epub.png", "authors": {"connectOrCreate": [{"where": {"name": "Cerfberr, Anatole"}, "create": {"name": "Cerfberr, Anatole", "birthYear": 1835, "deathYear": 1896}}, {"where": {"name": "Christophe, Jules Fran\u00e7ois"}, "create": {"name": "Christophe, Jules Fran\u00e7ois", "birthYear": 1840, "deathYear": null}}]}, "genres": {"connectOrCreate": []}}, {"title": "She Stoops to Conquer; Or, The Mistakes of a Night: A Comedy", "copyright": false, "fileUrl": "books/383.epub.images.epub", "fileType": "epub", "coverImageUrl": "book-covers/383.epub.images.epub.png", "authors": {"connectOrCreate": [{"where": {"name": "Goldsmith, Oliver"}, "create": {"name": "Goldsmith, Oliver", "birthYear": null, "deathYear": 1774}}]}, "genres": {"connectOrCreate": [{"where": {"name": "Harvard Classics"}, "create": {"name": "Harvard Classics"}}]}}, {"title": "Narrative of the Captivity and Restoration of Mrs. Mary Rowlandson", "copyright": false, "fileUrl": "books/851.epub.images.epub", "fileType": "epub", "coverImageUrl": "book-covers/851.epub.images.epub.png", "authors": {"connectOrCreate": [{"where": {"name": "Rowlandson, Mary White"}, "create": {"name": "Rowlandson, Mary White", "birthYear": null, "deathYear": 1711}}]}, "genres": {"connectOrCreate": []}}]