[{"title": "The Metamorphoses of Ovid, Books I-VII", "copyright": false, "fileUrl": "books/21765.epub.images.epub", "fileType": "epub", "coverImageUrl": "book-covers/21765.epub.images.epub.png", "authors": {"connectOrCreate": [{"where": {"name": "Ovid"}, "create": {"name": "Ovid", "birthYear": -43, "deathYear": 17}}]}, "genres": {"connectOrCreate": [{"where": {"name": "Best Books Ever Listings"}, "create": {"name": "Best Books Ever Listings"}}]}}, {"title": "Principles of Orchestration, with Musical Examples Drawn from His Own Works", "copyright": false, "fileUrl": "books/33900.epub.images.epub", "fileType": "epub", "coverImageUrl": "book-covers/33900.epub.images.epub.png", "authors": {"connectOrCreate": [{"where": {"name": "Rimsky-Korsakov, Nikolay"}, "create": {"name": "Rimsky-Korsakov, Nikolay", "birthYear": 1844, "deathYear": 1908}}]}, "genres": {"connectOrCreate": []}}, {"title": "A History of the Philippines", "copyright": false, "fileUrl": "books/38269.epub.images.epub", "fileType": "epub", "coverImageUrl": "book-covers/38269.epub.images.epub.jpeg", "authors": {"connectOrCreate": [{"where": {"name": "Barrows, David P."}, "create": {"name": "Barrows, David P.", "birthYear": 1873, "deathYear": 1954}}]}, "genres": {"connectOrCreate": []}}, {"title": "A Journey to the Centre of the Earth", "copyright": false, "fileUrl": "books/18857.epub.images.epub", "fileType": "epub", "coverImageUrl": "book-covers/18857.epub.images.epub.png", "authors": {"connectOrCreate": [{"where": {"name": "Verne, Jules"}, "create": {"name": "Verne, Jules", "birthYear": 1828, "deathYear": 1905}}]}, "genres": {"connectOrCreate": [{"where": {"name": "Movie Books"}, "create": {"name": "Movie Books"}}, {"where": {"name": "Science Fiction"}, "create": {"name": "Science Fiction"}}]}}, {"title": "An Enemy of the People", "copyright": false, "fileUrl": "books/2446.epub.images.epub", "fileType": "epub", "coverImageUrl": "book-covers/2446.epub.images.epub.png", "authors": {"connectOrCreate": [{"where": {"name": "Ibsen, Henrik"}, "create": {"name": "Ibsen, Henrik", "birthYear": 1828, "deathYear": 1906}}]}, "genres": {"connectOrCreate": []}}, {"title": "The Anatomy of Melancholy", "copyright": false, "fileUrl": "books/10800.epub.images.epub", "fileType": "epub", "coverImageUrl": "book-covers/10800.epub.images.epub.png", "authors": {"connectOrCreate": [{"where": {"name": "Burton, Robert"}, "create": {"name": "Burton, Robert", "birthYear": 1577, "deathYear": 1640}}]}, "genres": {"connectOrCreate": []}}, {"title": "The History of Herodotus \u2014 Volume 1", "copyright": false, "fileUrl": "books/2707.epub.images.epub", "fileType": "epub", "coverImageUrl": "book-covers/2707.epub.images.epub.png", "authors": {"connectOrCreate": [{"where": {"name": "Herodotus"}, "create": {"name": "Herodotus", "birthYear": -484, "deathYear": -430}}]}, "genres": {"connectOrCreate": []}}, {"title": "Daemonologie.", "copyright": false, "fileUrl": "books/25929.epub.images.epub", "fileType": "epub", "coverImageUrl": "book-covers/25929.epub.images.epub.png", "authors": {"connectOrCreate": [{"where": {"name": "James I, King of England"}, "create": {"name": "James I, King of England", "birthYear": 1566, "deathYear": 1625}}]}, "genres": {"connectOrCreate": []}}, {"title": "The Pursuit of God", "copyright": false, "fileUrl": "books/25141.epub.images.epub", "fileType": "epub", "coverImageUrl": "book-covers/25141.epub.images.epub.png", "authors": {"connectOrCreate": [{"where": {"name": "Tozer, A. W. (Aiden Wilson)"}, "create": {"name": "Tozer, A. W. (Aiden Wilson)", "birthYear": 1897, "deathYear": 1963}}]}, "genres": {"connectOrCreate": []}}, {"title": "The Tempest: The Works of William Shakespeare [Cambridge Edition] [9 vols.]", "copyright": false, "fileUrl": "books/23042.epub.images.epub", "fileType": "epub", "coverImageUrl": "book-covers/23042.epub.images.epub.png", "authors": {"connectOrCreate": [{"where": {"name": "Shakespeare, William"}, "create": {"name": "Shakespeare, William", "birthYear": 1564, "deathYear": 1616}}]}, "genres": {"connectOrCreate": []}}, {"title": "White Magic: A Novel", "copyright": false, "fileUrl": "books/65432.epub.images.epub", "fileType": "epub", "coverImageUrl": "book-covers/65432.epub.images.epub.jpeg", "authors": {"connectOrCreate": [{"where": {"name": "Phillips, David Graham"}, "create": {"name": "Phillips, David Graham", "birthYear": 1867, "deathYear": 1911}}]}, "genres": {"connectOrCreate": []}}, {"title": "The Garden Party, and Other Stories", "copyright": false, "fileUrl": "books/1429.epub.images.epub", "fileType": "epub", "coverImageUrl": "book-covers/1429.epub.images.epub.jpeg", "authors": {"connectOrCreate": [{"where": {"name": "Mansfield, Katherine"}, "create": {"name": "Mansfield, Katherine", "birthYear": 1888, "deathYear": 1923}}]}, "genres": {"connectOrCreate": [{"where": {"name": "New Zealand"}, "create": {"name": "New Zealand"}}]}}, {"title": "Kidnapped", "copyright": false, "fileUrl": "books/421.epub.images.epub", "fileType": "epub", "coverImageUrl": "book-covers/421.epub.images.epub.jpeg", "authors": {"connectOrCreate": [{"where": {"name": "Stevenson, Robert Louis"}, "create": {"name": "Stevenson, Robert Louis", "birthYear": 1850, "deathYear": 1894}}]}, "genres": {"connectOrCreate": [{"where": {"name": "Adventure"}, "create": {"name": "Adventure"}}, {"where": {"name": "Best Books Ever Listings"}, "create": {"name": "Best Books Ever Listings"}}, {"where": {"name": "Children's Literature"}, "create": {"name": "Children's Literature"}}, {"where": {"name": "Historical Fiction"}, "create": {"name": "Historical Fiction"}}, {"where": {"name": "Movie Books"}, "create": {"name": "Movie Books"}}]}}, {"title": "De Profundis", "copyright": false, "fileUrl": "books/921.epub.images.epub", "fileType": "epub", "coverImageUrl": "book-covers/921.epub.images.epub.png", "authors": {"connectOrCreate": [{"where": {"name": "Wilde, Oscar"}, "create": {"name": "Wilde, Oscar", "birthYear": 1854, "deathYear": 1900}}]}, "genres": {"connectOrCreate": []}}, {"title": "The Satyricon \u2014 Complete", "copyright": false, "fileUrl": "books/5225.epub.images.epub", "fileType": "epub", "coverImageUrl": "book-covers/5225.epub.images.epub.jpeg", "authors": {"connectOrCreate": [{"where": {"name": "Petronius Arbiter"}, "create": {"name": "Petronius Arbiter", "birthYear": 20, "deathYear": 66}}]}, "genres": {"connectOrCreate": [{"where": {"name": "Banned Books from Anne Haight's list"}, "create": {"name": "Banned Books from Anne Haight's list"}}, {"where": {"name": "Erotic Fiction"}, "create": {"name": "Erotic Fiction"}}]}}, {"title": "The Man in the Brown Suit", "copyright": false, "fileUrl": "books/61168.epub.images.epub", "fileType": "epub", "coverImageUrl": "book-covers/61168.epub.images.epub.jpeg", "authors": {"connectOrCreate": [{"where": {"name": "Christie, Agatha"}, "create": {"name": "Christie, Agatha", "birthYear": 1890, "deathYear": 1976}}]}, "genres": {"connectOrCreate": [{"where": {"name": "Detective Fiction"}, "create": {"name": "Detective Fiction"}}]}}, {"title": "The Bible, Douay-Rheims, Complete: The Challoner Revision", "copyright": false, "fileUrl": "books/8300.epub.images.epub", "fileType": "epub", "coverImageUrl": "book-covers/8300.epub.images.epub.png", "authors": {"connectOrCreate": []}, "genres": {"connectOrCreate": []}}, {"title": "Best Russian Short Stories", "copyright": false, "fileUrl": "books/13437.epub.images.epub", "fileType": "epub", "coverImageUrl": "book-covers/13437.epub.images.epub.png", "authors": {"connectOrCreate": []}, "genres": {"connectOrCreate": [{"where": {"name": "Short Stories"}, "create": {"name": "Short Stories"}}]}}, {"title": "The Genealogy of Morals: The Complete Works, Volume Thirteen, edited by Dr. Oscar Levy.", "copyright": false, "fileUrl": "books/52319.epub.images.epub", "fileType": "epub", "coverImageUrl": "book-covers/52319.epub.images.epub.jpeg", "authors": {"connectOrCreate": [{"where": {"name": "Nietzsche, Friedrich Wilhelm"}, "create": {"name": "Nietzsche, Friedrich Wilhelm", "birthYear": 1844, "deathYear": 1900}}]}, "genres": {"connectOrCreate": []}}, {"title": "A Treatise of Human Nature", "copyright": false, "fileUrl": "books/4705.epub.images.epub", "fileType": "epub", "coverImageUrl": "book-covers/4705.epub.images.epub.png", "authors": {"connectOrCreate": [{"where": {"name": "Hume, David"}, "create": {"name": "Hume, David", "birthYear": 1711, "deathYear": 1776}}]}, "genres": {"connectOrCreate": [{"where": {"name": "Philosophy"}, "create": {"name": "Philosophy"}}]}}, {"title": "The Phantom of the Opera", "copyright": false, "fileUrl": "books/175.epub.images.epub", "fileType": "epub", "coverImageUrl": "book-covers/175.epub.images.epub.png", "authors": {"connectOrCreate": [{"where": {"name": "Leroux, Gaston"}, "create": {"name": "Leroux, Gaston", "birthYear": 1868, "deathYear": 1927}}]}, "genres": {"connectOrCreate": [{"where": {"name": "Gothic Fiction"}, "create": {"name": "Gothic Fiction"}}, {"where": {"name": "Movie Books"}, "create": {"name": "Movie Books"}}, {"where": {"name": "Opera"}, "create": {"name": "Opera"}}]}}, {"title": "Anne of the Island", "copyright": false, "fileUrl": "books/51.epub.images.epub", "fileType": "epub", "coverImageUrl": "book-covers/51.epub.images.epub.png", "authors": {"connectOrCreate": [{"where": {"name": "Montgomery, L. M. (Lucy Maud)"}, "create": {"name": "Montgomery, L. M. (Lucy Maud)", "birthYear": 1874, "deathYear": 1942}}]}, "genres": {"connectOrCreate": [{"where": {"name": "Canada"}, "create": {"name": "Canada"}}, {"where": {"name": "Children's Literature"}, "create": {"name": "Children's Literature"}}]}}, {"title": "The Story of Doctor Dolittle", "copyright": false, "fileUrl": "books/501.epub.images.epub", "fileType": "epub", "coverImageUrl": "book-covers/501.epub.images.epub.jpeg", "authors": {"connectOrCreate": [{"where": {"name": "Lofting, Hugh"}, "create": {"name": "Lofting, Hugh", "birthYear": 1886, "deathYear": 1947}}]}, "genres": {"connectOrCreate": [{"where": {"name": "Children's Literature"}, "create": {"name": "Children's Literature"}}]}}, {"title": "R.U.R. (Rossum's Universal Robots): A Fantastic Melodrama in Three Acts and an Epilogue", "copyright": false, "fileUrl": "books/59112.epub.images.epub", "fileType": "epub", "coverImageUrl": "book-covers/59112.epub.images.epub.jpeg", "authors": {"connectOrCreate": [{"where": {"name": "\u010capek, Karel"}, "create": {"name": "\u010capek, Karel", "birthYear": 1890, "deathYear": 1938}}]}, "genres": {"connectOrCreate": []}}, {"title": "The Antichrist", "copyright": false, "fileUrl": "books/19322.epub.images.epub", "fileType": "epub", "coverImageUrl": "book-covers/19322.epub.images.epub.png", "authors": {"connectOrCreate": [{"where": {"name": "Nietzsche, Friedrich Wilhelm"}, "create": {"name": "Nietzsche, Friedrich Wilhelm", "birthYear": 1844, "deathYear": 1900}}]}, "genres": {"connectOrCreate": [{"where": {"name": "Philosophy"}, "create": {"name": "Philosophy"}}]}}, {"title": "Struwwelpeter: Merry Stories and Funny Pictures", "copyright": false, "fileUrl": "books/12116.epub.images.epub", "fileType": "epub", "coverImageUrl": "book-covers/12116.epub.images.epub.png", "authors": {"connectOrCreate": [{"where": {"name": "Hoffmann, Heinrich"}, "create": {"name": "Hoffmann, Heinrich", "birthYear": 1809, "deathYear": 1894}}]}, "genres": {"connectOrCreate": [{"where": {"name": "Children's Picture Books"}, "create": {"name": "Children's Picture Books"}}]}}, {"title": "The Secret Adversary", "copyright": false, "fileUrl": "books/1155.epub.images.epub", "fileType": "epub", "coverImageUrl": "book-covers/1155.epub.images.epub.jpeg", "authors": {"connectOrCreate": [{"where": {"name": "Christie, Agatha"}, "create": {"name": "Christie, Agatha", "birthYear": 1890, "deathYear": 1976}}]}, "genres": {"connectOrCreate": [{"where": {"name": "Detective Fiction"}, "create": {"name": "Detective Fiction"}}]}}, {"title": "Paradise Lost", "copyright": false, "fileUrl": "books/20.epub.images.epub", "fileType": "epub", "coverImageUrl": "book-covers/20.epub.images.epub.png", "authors": {"connectOrCreate": [{"where": {"name": "Milton, John"}, "create": {"name": "Milton, John", "birthYear": 1608, "deathYear": 1674}}]}, "genres": {"connectOrCreate": [{"where": {"name": "Banned Books from Anne Haight's list"}, "create": {"name": "Banned Books from Anne Haight's list"}}, {"where": {"name": "Poetry"}, "create": {"name": "Poetry"}}]}}, {"title": "The Trial", "copyright": true, "fileUrl": "books/7849.epub.images.epub", "fileType": "epub", "coverImageUrl": "book-covers/7849.epub.images.epub.png", "authors": {"connectOrCreate": [{"where": {"name": "Kafka, Franz"}, "create": {"name": "Kafka, Franz", "birthYear": 1883, "deathYear": 1924}}]}, "genres": {"connectOrCreate": [{"where": {"name": "Best Books Ever Listings"}, "create": {"name": "Best Books Ever Listings"}}, {"where": {"name": "Horror"}, "create": {"name": "Horror"}}]}}, {"title": "A Concise Dictionary of Middle English from A.D. 1150 to 1580", "copyright": false, "fileUrl": "books/10625.epub.images.epub", "fileType": "epub", "coverImageUrl": "book-covers/10625.epub.images.epub.png", "authors": {"connectOrCreate": [{"where": {"name": "Skeat, Walter W. (Walter William)"}, "create": {"name": "Skeat, Walter W. (Walter William)", "birthYear": 1835, "deathYear": 1912}}, {"where": {"name": "Mayhew, A. L. (Anthony Lawson)"}, "create": {"name": "Mayhew, A. L. (Anthony Lawson)", "birthYear": 1842, "deathYear": 1916}}]}, "genres": {"connectOrCreate": []}}, {"title": "Institutes of the Christian Religion (Vol. 2 of 2)", "copyright": false, "fileUrl": "books/64392.epub.images.epub", "fileType": "epub", "coverImageUrl": "book-covers/64392.epub.images.epub.jpeg", "authors": {"connectOrCreate": [{"where": {"name": "Calvin, Jean"}, "create": {"name": "Calvin, Jean", "birthYear": 1509, "deathYear": 1564}}]}, "genres": {"connectOrCreate": []}}, {"title": "Steam, Its Generation and Use", "copyright": false, "fileUrl": "books/22657.epub.images.epub", "fileType": "epub", "coverImageUrl": "book-covers/22657.epub.images.epub.png", "authors": {"connectOrCreate": [{"where": {"name": "Babcock & Wilcox Company"}, "create": {"name": "Babcock & Wilcox Company", "birthYear": null, "deathYear": null}}]}, "genres": {"connectOrCreate": [{"where": {"name": "Technology"}, "create": {"name": "Technology"}}]}}]